count_date,product_id,system_qty,counted_qty
2022-05-09,234747,390,390
2024-06-16,433856,184,184
2023-08-01,112721,360,360
2024-09-22,837619,81,81
2023-11-11,630992,838,838
2022-08-23,105386,913,913
2023-12-18,273364,919,919
2024-03-30,314209,355,355
2023-11-24,428326,940,940
2024-11-08,154741,265,265
2022-04-29,497229,88,88
2024-01-03,949853,278,278
2024-11-06,599808,27,27
2022-08-13,195420,37,36
2023-02-17,796960,776,776
2023-03-14,676300,29,29
2022-10-19,808866,371,371
2024-09-27,363394,877,877
2022-12-14,494259,824,824
2022-03-14,113555,145,145
2023-01-01,704491,328,328
2022-11-17,530115,907,907
2023-01-28,262139,113,113
2022-05-13,987868,349,349
2022-11-14,893771,332,332
2024-01-01,688984,382,382
2024-02-22,656432,361,361
2022-10-29,598199,645,622
2023-06-07,241688,479,479
2024-08-09,773010,514,502
2023-11-03,763224,592,592
2023-05-12,830849,395,395
2024-02-20,110199,618,618
2023-11-21,370562,855,855
2022-02-15,283085,656,656
2022-10-20,832216,443,443
2024-11-06,112302,466,466
2024-06-09,879341,681,681
2024-09-25,415020,365,365
2023-05-24,167042,464,464
2023-09-09,720919,282,282
2023-07-10,490601,978,978
2023-09-15,480345,227,227
2024-12-15,310034,287,278
2023-05-26,620011,711,711
2024-09-24,745052,943,943
2022-10-03,266687,493,493
2022-08-25,807634,393,393
2022-11-03,536515,474,474
2024-05-02,363394,877,877
2024-03-01,885847,538,538
2024-02-08,435265,692,692
2022-10-26,310031,668,668
2024-05-07,397179,128,128
2023-04-04,740835,441,441
2024-09-16,557261,890,890
2023-01-12,643572,100,100
2024-10-15,807634,393,393
2024-06-05,360743,297,297
2024-10-06,529810,435,435
2022-05-11,186200,829,829
2023-09-06,802044,577,602
2023-08-11,853820,829,829
2022-04-30,721043,435,435
2023-01-25,190312,63,63
2022-01-25,551877,432,432
2023-10-13,897131,127,127
2022-10-01,912583,453,453
2023-11-01,137662,452,452
2022-06-18,994602,908,908
2022-02-09,663813,539,539
2024-05-02,361809,88,88
2022-12-11,353555,840,840
2022-03-21,435709,503,503
2024-11-12,333244,746,746
2023-07-08,837161,538,538
2024-02-27,537140,246,246
2023-09-13,721538,724,724
2024-03-30,331869,675,675
2022-02-20,832738,766,766
2024-10-27,202739,934,934
2023-09-09,803583,832,832
2024-02-17,586507,951,951
2024-07-04,961663,176,176
2024-11-11,278423,855,855
2023-07-06,352569,210,210
2023-03-10,443409,234,234
2024-03-10,153566,667,667
2022-04-20,770551,715,715
2023-09-15,875411,210,210
2022-04-30,655629,416,416
2022-02-22,961663,176,176
2023-01-05,482540,144,144
2024-03-10,596220,325,325
2022-07-04,434079,250,250
2023-09-26,311135,866,866
2024-05-30,810523,541,541
2023-11-12,421354,75,75
2024-07-03,586820,295,295
2024-05-14,135686,205,205
2022-03-30,210772,593,593
2024-03-06,161268,559,559
2022-08-23,814300,923,923
2023-10-10,703168,842,842
2023-06-22,181242,279,279
2022-12-26,295677,972,972
2022-03-13,404670,233,233
2024-02-14,938845,44,44
2024-04-16,101021,820,820
2022-06-18,699969,869,869
2023-07-22,212460,276,276
2023-07-31,537991,892,892
2023-05-06,580932,957,957
2023-10-23,435709,503,503
2022-04-26,120686,298,298
2023-10-21,537797,398,398
2024-01-06,592706,346,328
2024-06-25,709214,122,122
2022-05-29,792097,206,206
2022-12-21,416170,214,214
2023-07-27,407199,847,847
2022-01-11,466956,589,589
2024-04-01,706256,546,546
2023-03-09,475484,187,187
2022-05-24,347756,188,188
2023-03-24,740702,55,55
2022-12-20,807978,281,281
2024-04-04,996481,100,100
2022-09-02,480851,548,548
2022-08-19,362977,267,267
2022-12-30,752082,189,189
2024-08-21,187536,752,752
2022-08-20,802813,382,382
2024-06-24,477194,104,104
2023-06-25,365218,919,919
2022-02-13,357024,668,668
2024-05-15,662233,669,669
2022-09-15,168474,94,94
2023-08-09,354864,66,66
2024-03-08,973817,825,825
2022-01-28,136260,965,965
2023-01-04,720919,282,282
2022-06-27,802813,382,382
2024-01-22,944462,676,676
2023-11-22,885471,799,799
2024-02-20,266687,493,516
2022-03-22,880654,273,273
2022-04-22,327678,236,236
2024-12-09,510342,341,341
2022-11-10,599808,27,27
2024-06-30,675162,383,383
2024-01-28,884460,827,827
2022-03-17,700391,367,367
2023-08-06,126267,383,370
2023-02-24,209334,642,642
2024-12-19,476035,729,729
2022-06-25,845459,282,282
2023-07-14,820291,874,874
2023-11-18,564312,734,734
2022-08-29,429685,857,857
2022-07-01,247116,622,622
2024-03-23,155894,427,427
2022-01-12,880654,273,273
2022-07-17,887004,471,471
2022-09-08,463376,332,332
2024-01-02,808175,41,41
2024-04-27,401537,650,650
2024-03-04,597052,189,189
2023-12-22,333270,535,535
2024-12-15,200659,155,155
2024-12-31,544222,517,517
2023-11-04,353923,269,269
2024-01-19,925587,731,731
2024-10-20,853820,829,829
2024-12-27,417659,96,96
2024-12-26,194308,255,255
2024-11-07,342022,389,389
2023-06-27,267562,122,122
2022-02-08,267562,122,122
2022-08-31,894302,572,572
2023-01-25,379309,239,239
2022-10-20,171063,235,235
2022-01-06,435709,503,503
2022-06-18,311135,866,866
2023-02-12,472716,966,966
2022-09-09,211702,684,684
2024-03-31,104713,526,526
2023-11-06,167757,414,414
2023-11-10,305138,298,298
2022-07-26,903363,827,827
2024-04-11,120686,298,298
2022-01-27,318200,86,86
2024-04-21,663902,273,273
2022-07-20,309719,275,275
2024-08-16,205938,402,402
2023-06-26,328960,303,303
2024-01-27,599808,27,27
2024-05-09,210477,159,159
2022-12-26,397623,271,271
2023-03-21,704491,328,328
2022-04-15,475851,913,913
2023-05-16,456962,107,107
2023-05-01,286440,960,960
2023-03-29,431677,770,770
2023-10-09,567263,968,968
2022-05-14,167042,464,464
2022-08-27,922686,245,245
2024-10-22,317997,594,594
2022-09-19,468179,877,877
2022-10-11,465152,572,572
2023-09-01,683414,111,111
2024-11-09,312234,404,404
2022-07-30,663408,881,881
2022-02-09,167757,414,414
2022-11-09,611471,932,932
2023-02-15,470894,121,121
2023-09-07,432010,64,64
2023-06-01,250464,120,120
2022-03-07,567263,968,968
2023-07-09,209915,305,305
2022-01-11,466956,589,589
2022-05-08,567970,282,282
2023-05-30,277336,796,796
2022-02-16,849554,965,965
2023-01-31,791453,949,949
2023-05-09,197637,128,128
2023-09-16,934703,292,292
2022-03-11,104713,526,526
2023-02-12,331013,188,188
2023-06-02,891288,460,460
2024-08-04,752082,189,189
2023-02-15,129595,209,209
2024-09-10,877922,262,262
2023-02-17,136260,965,965
2022-06-03,380941,543,543
2022-04-30,849747,266,266
2023-06-04,290750,607,607
2024-11-28,584918,218,218
2022-12-29,969212,853,853
2023-12-04,586820,295,295
2022-01-14,887004,471,471
2022-05-26,308829,865,865
2024-07-02,808848,233,233
2022-01-08,264394,721,721
2023-12-09,674170,693,693
2023-04-09,841597,564,564
2022-12-02,231289,53,53
2024-06-04,331013,188,188
2024-08-13,266558,275,275
2023-09-19,984936,459,459
2024-03-30,637154,83,83
2022-02-21,166195,688,688
2022-06-01,670587,943,943
2024-02-05,737107,593,593
2022-07-23,218541,236,236
2024-02-04,472851,96,96
2022-07-07,166195,688,688
2022-01-20,893365,663,663
2022-11-19,830904,373,373
2024-07-22,685835,712,712
2023-04-19,778154,848,848
2022-10-23,992558,217,217
2024-06-16,870859,802,802
2024-07-24,930403,876,876
2024-09-02,757386,700,700
2022-07-13,215336,355,355
2024-08-07,706256,546,546
2023-05-17,760151,71,71
2023-11-17,576932,721,721
2023-09-05,641570,628,628
2022-07-27,247186,652,652
2023-03-16,663902,273,273
2023-07-02,761340,338,338
2024-05-31,174257,53,53
2024-06-08,372197,499,499
2022-08-09,295634,31,31
2022-01-17,812496,343,343
2024-07-07,226389,428,428
2022-09-09,720919,282,277
2024-01-23,788622,506,506
2022-12-08,973817,825,825
2022-11-26,218792,760,760
2024-07-25,811271,746,746
2024-02-04,482540,144,144
2023-11-06,645680,968,968
2022-08-02,251652,457,457
2023-04-01,943956,928,928
2022-11-03,478486,492,492
2022-05-28,234470,824,824
2022-05-21,155894,427,427
2024-01-19,748776,322,322
2024-06-21,788622,506,506
2022-05-30,200202,979,979
2022-08-28,563206,393,393
2024-08-19,345528,712,712
2023-04-30,165567,97,97
2023-09-30,548275,707,707
2024-07-24,739096,766,766
2024-10-19,981646,983,983
2024-12-01,305138,298,298
2024-01-07,225504,529,529
2023-10-10,792239,127,127
2024-02-22,659964,993,993
2022-09-09,567263,968,968
2023-08-27,407199,847,847
2022-11-28,262379,214,214
2023-04-04,183454,335,335
2022-11-21,862812,920,920
2024-08-26,206921,845,845
2024-02-07,546962,844,844
2022-02-14,694395,613,613
2024-01-19,931254,240,240
2022-06-02,360235,35,35
2024-05-15,622709,201,201
2023-12-08,205938,402,402
2022-11-23,164350,435,435
2023-04-30,154597,649,649
2022-09-05,870859,802,802
2023-04-22,557261,890,890
2023-02-14,322995,995,995
2023-11-29,424781,626,626
2022-01-23,490915,471,471
2022-12-19,708534,735,735
2023-02-14,850524,829,829
2023-06-30,362977,267,267
2022-11-26,922686,245,245
2022-06-24,802436,845,845
2023-04-08,900838,994,994
2022-03-20,400443,941,941
2023-06-25,181354,792,792
2024-11-28,786296,207,207
2023-06-01,443409,234,234
2024-06-16,609852,628,628
2022-06-02,650911,414,414
2024-03-27,784423,975,975
2022-09-05,765440,714,714
2024-04-27,706256,546,546
2023-10-24,712933,165,165
2023-08-05,245992,492,492
2022-11-22,155894,427,427
2023-01-29,644117,659,659
2022-07-23,810523,541,541
2023-01-06,931448,769,769
2023-03-23,299666,162,162
2024-09-17,162767,376,376
2024-03-26,519162,371,371
2022-05-13,663408,881,881
2023-05-25,144178,577,577
2023-10-03,129595,209,209
2023-09-15,803548,352,352
2022-06-25,167042,464,464
2024-08-19,584653,622,622
2023-07-13,247192,168,168
2022-01-25,557261,890,890
2023-09-01,784784,288,288
2024-11-30,413495,526,526
2024-01-24,935509,593,593
2022-10-24,424781,626,626
2023-04-15,760151,71,71
2024-12-03,157667,854,854
2024-06-16,977674,809,809
2024-02-24,567263,968,968
2022-02-20,286440,960,960
2023-12-07,431346,88,88
2022-12-07,875411,210,210
2023-02-12,470894,121,121
2023-09-22,939733,86,86
2023-01-14,630992,838,838
2022-09-01,584918,218,218
2022-09-15,405382,980,972
2022-11-30,422773,827,858
2024-05-07,569958,232,232
2023-12-04,811385,351,351
2024-08-08,428326,940,940
2022-08-04,869681,169,169
2024-01-16,779270,166,158
2023-03-03,880654,273,262
2024-11-12,569958,232,232
2022-07-01,837161,538,538
2022-07-16,135897,257,257
2023-04-29,883896,907,907
2023-05-26,814300,923,923
2022-09-20,544720,99,99
2022-06-14,494215,100,100
2022-03-21,637154,83,83
2022-05-03,850499,993,993
2022-03-16,914643,644,644
2022-03-14,291051,510,510
2022-02-12,759243,921,921
2023-12-25,422640,509,509
2024-01-14,207196,150,150
2022-03-10,454234,452,452
2023-07-22,448084,285,285
2022-11-05,277336,796,796
2024-12-21,432010,64,64
2023-04-12,810523,541,541
2024-07-09,721538,724,724
2023-02-19,845459,282,282
2024-04-20,209334,642,642
2023-07-23,491706,526,526
2022-09-14,912431,588,588
2023-05-14,778840,708,708
2023-07-03,319881,763,763
2024-10-16,620011,711,711
2022-12-31,495196,733,733
2023-12-31,585758,378,378
2023-03-24,583015,439,439
2023-07-16,264394,721,721
2022-11-13,267562,122,122
2024-07-02,810607,651,651
2024-09-04,210477,159,159
2024-05-08,234470,824,824
2023-12-27,108612,553,553
2024-05-19,575671,622,622
2023-06-21,612969,802,802
2023-08-29,984936,459,459
2023-11-02,483381,618,618
2022-06-11,116846,513,513
2022-10-02,204945,169,169
2024-07-30,825851,848,848
2022-01-02,347756,188,188
2022-11-28,415020,365,365
2022-06-24,534059,575,575
2024-12-08,922686,245,245
2022-09-30,370562,855,855
2023-01-13,542654,477,477
2024-06-04,832216,443,443
2024-11-24,889133,354,354
2024-08-09,394187,303,303
2024-01-06,861337,538,538
2022-05-21,879903,406,406
2024-07-07,210772,593,593
2023-11-15,243285,386,386
2022-05-12,987028,245,245
2023-01-09,399703,374,374
2023-08-04,123419,763,763
2024-06-11,583015,439,439
2024-02-07,218792,760,760
2022-01-20,535525,372,372
2024-10-01,357024,668,674
2024-02-05,975738,926,926
2022-10-15,415020,365,365
2022-08-09,101021,820,820
2022-11-22,403058,892,892
2023-09-28,767135,908,908
2024-09-08,299121,768,768
2024-05-18,154597,649,649
2024-09-20,973301,517,517
2023-07-20,858316,527,527
2023-08-14,778154,848,848
2024-04-13,869908,896,896
2024-12-26,167773,279,279
2022-05-10,535525,372,372
2022-11-29,859028,129,129
2024-06-14,367929,435,435
2023-12-05,880654,273,273
2023-01-21,918625,48,48
2024-02-14,747939,403,403
2022-04-16,935514,388,388
2024-02-28,865925,794,794
2022-09-27,982201,205,205
2024-09-15,679022,900,900
2024-11-09,126267,383,383
2022-12-18,380198,662,662
2022-09-18,233192,983,983
2024-08-08,187536,752,718
2024-03-20,251652,457,457
2022-02-13,221001,204,204
2023-05-06,746309,44,44
2022-07-23,463834,750,750
2024-09-13,835299,510,510
2022-05-07,266059,177,177
2024-10-27,367929,435,435
2023-07-31,644117,659,687
2022-08-25,411177,117,117
2024-12-22,437170,229,229
2024-07-14,577049,790,793
2022-09-17,637154,83,83
2022-04-15,602699,286,286
2024-01-14,954429,369,369
2022-02-28,796960,776,776
2023-03-26,536143,920,920
2024-01-13,749189,902,902
2022-08-09,434750,646,646
2024-08-03,649305,602,602
2023-11-25,159727,496,496
2023-09-04,350897,720,720
2024-01-24,251344,359,359
2022-09-21,260405,114,114
2023-09-13,207196,150,150
2022-03-25,108716,321,321
2022-08-14,399927,289,289
2024-07-23,379309,239,239
2022-05-02,993757,556,556
2022-12-29,819930,958,958
2023-09-12,106312,208,208
2022-01-14,186766,857,836
2023-07-20,690861,656,656
2023-04-07,869908,896,896
2024-02-09,567263,968,968
2022-11-02,112721,360,369
2024-01-25,103523,212,212
2022-10-22,837619,81,81
2022-09-24,996481,100,100
2023-11-13,553150,844,844
2022-08-14,811385,351,351
2023-11-12,889293,569,569
2023-05-05,678206,332,332
2023-04-08,209915,305,305
2022-09-12,286592,772,772
2023-11-02,709214,122,122
2023-07-21,203294,871,871
2023-11-26,331869,675,675
2022-10-04,918625,48,48
2022-01-30,261489,366,366
2024-04-03,793580,679,679
2024-03-27,312701,772,772
2023-10-19,563206,393,393
2023-12-31,808848,233,233
2023-03-01,793417,674,674
2024-11-23,577049,790,790
2022-07-13,388461,970,970
2024-05-13,935514,388,388
2024-06-06,262379,214,214
2022-09-02,984115,686,686
2024-09-14,676300,29,29
2024-11-04,833109,447,447
2022-06-18,882856,150,150
2022-04-30,294869,949,949
2023-12-19,292395,933,933
2023-11-12,949853,278,266
2024-01-24,148157,928,928
2022-09-26,740835,441,441
2024-01-13,620615,98,98
2024-05-28,752850,222,222
2024-06-17,243285,386,386
2023-12-18,776325,237,237
2023-07-23,117306,743,767
2023-08-18,325883,868,868
2022-11-14,176983,571,571
2024-11-19,568259,789,789
2023-10-01,582530,672,672
2024-12-17,200202,979,964
2022-07-13,135686,205,205
2022-07-15,576263,314,314
2022-04-24,359759,669,669
2022-04-27,563669,921,921
2023-09-06,551623,362,362
2023-05-08,540579,507,507
2024-04-29,884960,772,772
2024-03-23,278835,453,453
2022-02-25,822210,981,981
2024-08-06,812169,901,901
2022-09-17,397179,128,128
2024-08-27,480851,548,548
2024-11-24,206921,845,845
2022-09-24,949547,219,219
2023-11-13,575031,353,353
2023-09-22,296533,81,81
2024-08-29,398671,673,673
2024-02-09,319881,763,763
2022-06-04,293290,289,289
2022-07-25,197927,682,682
2023-12-28,406361,663,663
2023-12-30,150615,221,221
2022-11-11,406361,663,663
2022-02-16,257530,979,979
2024-07-25,752850,222,222
2023-05-29,535525,372,372
2024-07-15,535525,372,372
2024-01-23,421354,75,75
2023-07-19,655629,416,416
2022-09-01,830829,676,676
2024-04-02,688984,382,382
2022-11-09,802813,382,382
2023-02-08,167773,279,279
2024-04-13,831354,720,720
2022-03-03,619978,385,385
2023-12-25,864680,312,312
2023-12-22,934579,23,23
2023-10-26,690495,959,959
2022-09-01,963152,541,541
2024-07-08,884960,772,772
2023-05-02,671414,921,921
2024-12-12,147007,894,894
2023-03-31,483381,618,618
2024-12-06,599775,983,983
2022-05-06,737329,671,671
2023-04-30,282771,748,748
2023-05-07,897131,127,127
2024-01-28,209915,305,298
2023-05-19,190134,394,385
2022-07-04,910818,732,732
2022-02-14,416170,214,214
2023-12-21,264394,721,721
2022-06-19,422773,827,827
2022-09-05,115068,245,245
2023-11-28,204945,169,169
2022-05-30,636168,578,578
2022-09-21,299121,768,768
2024-05-28,465746,157,157
2023-12-01,912583,453,453
2023-08-03,837161,538,538
2022-02-12,586027,259,259
2024-08-29,564312,734,734
2024-06-18,829034,919,919
2022-11-26,934631,197,197
2022-12-15,954777,76,76
2022-11-16,839977,820,820
2022-05-05,746222,370,370
2024-01-31,105242,346,346
2022-03-01,535525,372,372
2022-05-10,423683,830,830
2022-11-08,787587,855,855
2023-11-10,352569,210,210
2023-06-14,266952,116,116
2024-02-22,317805,523,523
2024-07-15,401316,272,272
2024-11-30,251622,553,553
2024-04-19,721538,724,724
2022-03-27,654295,388,388
2023-06-04,235128,40,40
2022-04-15,752082,189,189
2024-09-18,735907,153,153
2022-03-24,457220,939,939
2023-01-10,922686,245,245
2022-08-08,177366,167,167
2024-09-27,299666,162,162
2023-02-17,603257,575,575
2023-03-08,469834,983,983
2024-12-16,376270,928,928
2022-09-24,885471,799,799
2024-10-15,771562,881,881
2022-02-23,780239,865,865
2024-03-25,251652,457,457
2022-11-10,855655,40,40
2024-09-16,760117,774,774
2023-08-24,312234,404,404
2022-07-13,900838,994,994
2024-12-04,168445,511,511
2022-07-31,565040,969,969
2022-07-11,563206,393,393
2024-03-09,980008,687,687
2022-08-18,245992,492,492
2024-05-13,567263,968,968
2024-06-23,286592,772,772
2022-01-30,997190,75,75
2023-11-13,890138,475,475
2022-03-02,758566,179,179
2022-07-01,957379,92,92
2024-12-16,874508,661,661
2024-06-06,494215,100,100
2023-03-31,797620,886,886
2023-02-06,255391,176,176
2023-03-19,948849,958,958
2023-09-07,574159,311,311
2024-07-16,612527,468,468
2023-07-18,336238,776,776
2022-08-17,714543,575,575
2024-12-10,164350,435,435
2024-01-27,569958,232,232
2023-12-12,544222,517,517
2023-11-11,851805,857,857
2023-12-26,563616,533,533
2022-05-28,781897,582,582
2022-01-14,371109,85,85
2022-05-02,808866,371,371
2023-03-06,719004,883,883
2022-06-09,432010,64,64
2023-01-18,612527,468,471
2022-12-11,984115,686,686
2022-05-21,714543,575,561
2024-02-02,855655,40,40
2023-09-28,144289,260,260
2023-11-10,363394,877,877
2024-07-30,466956,589,589
2022-10-10,266017,216,215
2024-12-29,979944,980,980
2024-12-26,791403,156,156
2023-04-05,934631,197,197
2023-10-20,293290,289,289
2024-02-29,678974,124,124
2024-07-10,802436,845,845
2022-04-19,788622,506,506
2024-01-13,105964,630,630
2024-09-12,542632,917,917
2023-10-11,854147,918,918
2023-06-30,144289,260,260
2024-03-18,469834,983,983
2022-02-18,430556,435,450
2024-08-10,194308,255,255
2023-10-10,922686,245,245
2024-06-11,828707,403,403
2022-09-20,853672,669,669
2024-02-12,604662,325,325
2023-05-04,803583,832,832
2023-02-08,887004,471,471
2023-01-17,489666,493,493
2024-10-18,706767,706,706
2024-12-01,153282,422,422
2022-04-11,360743,297,297
2022-03-27,602699,286,286
2024-05-31,611588,359,359
2022-08-13,360235,35,35
2024-12-01,862288,472,472
2022-08-22,243285,386,386
2024-04-26,568882,585,585
2024-12-31,975445,144,144
2023-08-01,203333,405,405
2024-05-11,854147,918,918
2024-08-12,851805,857,857
2024-07-15,467361,191,189
2024-11-27,940812,665,665
2024-07-24,742719,748,748
2023-06-22,721043,435,435
2022-10-13,783660,612,612
2023-06-12,251652,457,457
2023-12-29,372197,499,499
2022-01-27,720125,309,309
2023-06-08,111163,641,641
2023-02-09,183457,30,30
2022-06-28,720125,309,309
2022-04-14,703661,382,382
2022-03-30,422640,509,509
2023-12-26,568380,799,799
2024-08-05,688849,295,295
2023-03-13,660596,902,902
2024-08-20,247116,622,622
2022-02-10,912583,453,453
2022-01-13,242207,262,262
2022-02-15,599775,983,983
2024-04-27,852624,31,31
2024-12-05,596104,522,522
2023-02-22,504555,349,349
2023-04-16,105242,346,346
2022-05-27,796960,776,776
2024-04-30,379309,239,239
2022-11-29,662233,669,669
2022-12-05,448296,274,274
2022-03-27,568259,789,789
2023-10-24,421354,75,75
2024-07-03,420100,658,658
2023-11-07,365218,919,919
2024-09-04,100820,432,432
2023-03-10,205923,125,125
2022-11-10,579866,450,450
2023-07-13,735907,153,156
2024-05-21,645680,968,968
2022-07-03,987255,947,947
2024-01-30,767154,393,393
2024-09-05,674170,693,693
2022-07-30,476035,729,729
2022-11-09,563616,533,533
2024-04-02,699969,869,869
2024-02-09,424805,296,296
2024-09-29,210477,159,159
2023-01-23,508592,532,532
2024-12-16,748776,322,322
2023-09-20,709214,122,122
2023-06-01,224061,278,278
2024-08-17,212460,276,276
2024-08-07,764263,69,69
2024-02-16,802436,845,845
2023-08-09,704491,328,328
2023-12-29,536143,920,920
2024-10-29,494215,100,100
2022-01-20,477194,104,104
2022-05-19,168986,997,997
2023-06-15,796576,706,706
2023-05-31,680105,387,387
2023-11-17,802044,577,577
2023-09-30,975738,926,926
2024-10-06,743129,915,915
2024-01-21,108612,553,553
2022-10-06,235128,40,40
2022-07-20,365762,662,662
2022-08-02,569958,232,232
2023-10-08,889133,354,354
2023-01-18,973013,670,670
2024-04-24,536515,474,470
2024-10-19,764263,69,69
2023-04-24,637304,619,619
2022-07-12,585925,190,190
2024-05-07,508755,260,260
2023-08-18,778154,848,848
2023-10-21,465746,157,157
2022-07-04,456962,107,107
2022-12-28,295634,31,31
2024-12-18,413495,526,526
2022-09-17,980008,687,687
2023-08-27,923895,97,97
2022-06-29,574159,311,311
2024-08-24,749189,902,902
2024-07-13,296533,81,81
2023-12-12,957379,92,92
2024-07-17,467361,191,191
2023-05-26,381821,971,971
2024-05-26,317805,523,523
2023-12-08,523458,318,318
2024-04-27,470894,121,121
2022-04-10,732913,340,340
2022-11-05,247116,622,622
2024-06-21,187536,752,752
2024-08-27,405382,980,945
2022-10-11,685835,712,712
2024-05-02,510342,341,341
2022-11-28,100820,432,432
2022-08-28,181242,279,272
2023-08-02,431346,88,88
2023-12-20,492320,248,248
2024-07-08,608301,713,713
2023-11-21,576932,721,721
2023-04-17,987868,349,349
2022-10-25,187536,752,752
2022-03-17,454234,452,452
2023-04-16,371109,85,85
2024-08-10,592706,346,346
2024-08-02,468928,558,558
2024-09-12,182786,926,926
2023-08-17,375083,522,522
2024-03-10,563206,393,393
2022-02-04,413053,672,672
2023-11-21,808848,233,233
2022-04-10,453351,44,44
2022-07-18,454184,808,808
2023-10-10,467361,191,193
2023-05-05,584918,218,214
2024-04-18,783660,612,612
2023-09-18,218792,760,760
2023-10-04,786296,207,207
2023-12-13,367929,435,435
2022-10-04,454234,452,452
2024-01-12,857828,434,434
2022-10-03,345528,712,712
2022-08-31,946171,552,552
2022-11-18,482540,144,144
2023-03-13,433856,184,184
2023-10-22,495896,826,826
2023-04-17,263922,893,893
2022-07-12,410114,34,34
2022-05-08,535525,372,372
2022-08-20,278835,453,453
2024-12-29,733561,223,223
2023-06-02,107295,749,749
2024-04-23,478486,492,492
2022-01-17,414457,395,405
2022-02-02,557261,890,890
2023-01-31,885847,538,538
2023-01-24,140557,746,746
2023-08-17,171553,477,477
2022-11-15,519162,371,371
2024-11-25,862534,653,641
2023-04-22,266059,177,177
2024-07-30,254537,856,856
2023-01-23,854189,958,958
2023-12-01,430556,435,435
2022-05-20,641570,628,628
2024-01-15,136260,965,965
2022-06-24,469613,894,894
2024-11-02,251622,553,553
2024-12-23,140557,746,746
2022-01-06,887004,471,471
2022-03-14,563669,921,921
2024-03-26,129595,209,209
2024-03-17,949547,219,212
2023-02-03,981926,113,113
2024-11-01,737504,538,538
2023-04-17,185133,38,38
2024-02-19,938002,429,429
2022-11-19,780132,902,902
2023-08-27,665713,558,558
2023-11-10,551060,337,337
2024-05-25,850499,993,993
2022-06-13,746222,370,370
2023-03-19,792097,206,206
2022-08-30,931448,769,769
2022-05-07,322995,995,995
2022-11-04,840938,148,148
2022-03-27,641570,628,628
2024-10-11,472627,417,398
2023-06-09,153566,667,649
2022-11-06,310031,668,668
2022-05-14,243285,386,386
2022-12-12,110895,957,957
2022-06-09,822210,981,981
2023-03-19,292395,933,933
2022-07-20,812496,343,343
2022-03-25,596220,325,313
2024-12-02,682838,886,886
2022-08-19,979944,980,980
2024-01-08,234470,824,824
2024-10-14,782568,866,866
2024-05-19,251622,553,553
2022-07-18,931062,581,581
2022-10-29,796960,776,776
2023-11-04,790293,972,972
2023-11-22,264394,721,692
2024-04-17,539633,158,158
2022-02-22,659964,993,993
2022-11-07,336238,776,776
2024-07-19,504971,325,325
2022-04-08,746309,44,44
2022-07-27,303948,919,919
2023-09-03,984936,459,459
2024-12-31,841597,564,564
2024-05-17,154741,265,265
2023-02-16,969554,461,461
2024-02-01,429685,857,857
2023-12-24,702707,969,942
2023-01-31,612969,802,802
2024-10-23,882571,771,771
2024-07-19,839977,820,820
2024-04-23,748776,322,322
2022-10-05,759243,921,921
2022-11-01,885471,799,799
2024-08-23,395238,93,93
2024-03-20,242207,262,262
2024-09-05,279775,425,425
2024-06-19,847938,193,193
2023-12-25,632183,208,208
2022-09-16,113555,145,145
2023-06-08,399927,289,289
2023-04-17,245920,959,959
2022-04-30,763224,592,592
2022-07-01,784423,975,975
2024-01-06,703661,382,382
2022-05-10,743491,329,329
2024-02-26,125161,930,930
2023-11-08,786735,139,139
2023-01-23,882571,771,771
2023-04-04,690861,656,656
2022-01-22,137662,452,452
2024-05-06,164350,435,435
2022-09-30,282771,748,748
2024-10-12,740835,441,441
2023-12-24,799601,662,662
2023-03-19,508755,260,260
2022-06-08,568259,789,789
2023-10-13,810607,651,651
2022-03-15,560988,543,543
2024-09-18,802813,382,382
2023-12-10,795085,724,724
2023-05-28,375083,522,522
2023-04-14,760151,71,71
2024-08-11,218792,760,760
2024-06-07,557261,890,890
2022-09-04,864680,312,312
2023-09-27,108612,553,553
2022-04-05,353923,269,269
2024-05-12,546568,233,233
2022-03-23,266687,493,493
2023-12-22,204945,169,169
2023-02-05,753811,640,640
2022-09-16,678974,124,124
2023-06-02,629289,84,84
2023-11-14,279775,425,425
2022-11-14,316378,640,640
2023-01-23,452776,676,676
2024-09-01,551699,393,393
2022-11-08,758566,179,179
2023-01-09,190312,63,63
2024-04-24,695171,534,534
2022-03-21,726756,156,156
2024-06-08,160969,171,171
2023-06-11,690861,656,656
2024-10-29,658341,466,466
2024-09-21,862288,472,472
2024-11-07,924997,224,224
2023-05-09,224061,278,278
2022-01-28,262139,113,113
2022-09-21,314209,355,355
2022-05-26,884960,772,772
2023-10-10,269863,91,91
2023-11-26,557261,890,890
2024-09-12,626456,588,588
2022-05-15,981868,868,868
2024-07-07,197637,128,128
2024-01-10,288308,809,809
2022-01-11,365035,787,787
2023-04-09,171063,235,235
2022-03-21,135897,257,257
2023-02-23,181354,792,799
2024-04-04,172323,742,742
2024-06-21,325839,779,779
2022-08-04,173215,256,256
2024-04-14,233192,983,983
2023-12-02,854189,958,958
2023-03-22,706256,546,546
2022-12-27,787587,855,855
2023-12-21,873287,679,679
2024-12-18,748776,322,322
2023-03-26,604662,325,325
2022-05-09,409626,565,565
2022-06-26,519499,216,216
2022-03-20,783660,612,612
2024-06-13,802044,577,577
2024-07-04,116721,942,942
2024-10-20,737107,593,593
2023-04-01,574159,311,311
2022-02-19,724497,751,751
2023-06-22,837161,538,538
2023-01-07,670424,860,860
2024-12-24,814850,128,128
2024-12-06,569958,232,232
2022-09-26,702065,169,169
2024-11-01,375257,107,107
2024-11-29,452646,469,469
2022-08-22,664308,371,371
2022-10-02,611588,359,359
2023-05-04,317805,523,523
2022-01-27,283085,656,656
2022-08-13,803583,832,832
2022-08-19,683414,111,111
2022-11-21,831354,720,720
2023-02-16,367080,403,403
2024-09-25,859651,211,211
2023-01-03,293290,289,289
2022-07-19,167773,279,279
2022-04-08,893365,663,663
2022-07-02,452646,469,475
2022-10-10,575671,622,622
2024-04-24,172323,742,769
2022-07-25,200959,900,900
2022-01-06,282826,315,315
2022-12-05,770370,788,788
2022-04-28,921117,909,909
2024-03-30,542632,917,917
2023-04-07,489666,493,493
2024-03-03,765440,714,714
2023-08-17,107214,476,476
2024-07-10,226389,428,428
2022-10-08,586027,259,259
2023-07-04,737329,671,696
2024-03-10,963990,130,130
2024-10-13,439449,514,490
2023-09-17,181354,792,792
2023-07-20,884460,827,827
2023-04-08,352497,665,665
2022-11-22,862405,777,777
2024-09-30,428326,940,940
2024-02-01,686351,547,547
2024-11-05,529810,435,435
2023-04-18,709859,115,115
2022-04-24,656432,361,361
2023-09-24,612527,468,468
2024-10-03,561191,916,916
2024-11-12,963152,541,541
2022-10-24,883896,907,907
2024-07-26,317805,523,523
2024-02-17,545852,596,596
2024-04-27,135686,205,205
2022-11-19,624784,417,417
2022-08-02,788570,301,301
2023-03-19,796576,706,706
2024-09-21,428326,940,940
2023-10-18,416170,214,214
2022-12-24,458873,68,68
2024-04-07,397179,128,128
2023-11-11,475851,913,913
2024-09-22,168986,997,997
2024-03-19,209915,305,305
2024-11-09,958326,511,511
2024-03-15,104713,526,526
2024-08-16,817744,117,117
2024-07-04,477194,104,104
2023-03-14,370562,855,855
2022-06-03,399927,289,289
2023-08-11,620615,98,98
2023-02-02,550204,408,408
2022-10-22,574159,311,311
2022-11-04,932317,458,458
2024-03-24,922686,245,245
2024-04-25,721043,435,435
2022-02-05,808848,233,233
2023-09-26,545852,596,596
2022-12-25,912583,453,453
2023-07-13,147007,894,894
2022-05-18,982201,205,205
2023-06-15,519699,111,111
2024-08-18,470894,121,125
2022-10-14,551877,432,432
2024-01-27,495196,733,733
2022-04-16,686351,547,547
2023-08-26,667444,989,989
2023-10-05,105242,346,346
2024-02-25,200202,979,979
2024-04-21,790293,972,972
2024-07-01,765525,116,116
2024-10-01,374401,711,711
2022-09-30,241688,479,479
2024-08-18,388820,142,142
2023-02-02,105964,630,630
2023-08-02,367080,403,403
2023-02-12,552123,363,363
2023-10-10,884960,772,772
2022-02-21,893771,332,332
2023-10-28,767154,393,393
2023-03-22,582530,672,672
2024-10-20,375083,522,522
2024-12-30,973013,670,670
2022-12-18,679246,374,374
2022-10-14,322995,995,995
2023-07-10,279775,425,425
2022-12-12,862104,500,500
2023-12-10,219124,637,637
2022-08-07,832738,766,766
2022-03-31,468179,877,877
2022-01-15,891288,460,460
2024-08-08,668325,592,592
2024-06-04,205938,402,402
2023-08-23,686853,565,587
2023-03-23,469375,539,539
2024-12-12,483381,618,618
2024-01-14,861337,538,538
2022-02-03,168474,94,94
2023-03-17,890138,475,483
2022-12-27,306520,761,761
2023-05-12,981646,983,983
2022-11-08,757386,700,700
2022-03-18,494215,100,100
2022-01-03,185133,38,38
2022-05-22,168445,511,511
2022-03-28,150615,221,221
2022-12-14,266687,493,493
2022-09-18,229367,627,627
2022-08-11,709214,122,122
2023-01-20,452646,469,469
2022-12-12,871950,899,899
2024-04-23,211702,684,684
2022-06-14,806367,901,901
2022-07-01,288681,489,489
2023-01-22,209334,642,642
2022-01-16,603537,993,993
2024-03-19,792097,206,206
2023-04-02,851805,857,857
2023-09-06,515011,582,582
2023-11-20,996227,317,317
2024-05-05,828745,772,772
2024-10-10,564312,734,734
2023-05-12,954429,369,384
2023-06-01,405382,980,980
2022-04-06,678974,124,124
2022-07-02,781158,750,750
2023-05-23,671414,921,921
2023-01-18,746309,44,44
2024-07-04,245920,959,959
2022-04-19,938009,747,747
2024-10-09,375257,107,107
2022-11-12,262941,200,200
2022-08-15,480345,227,227
2022-05-25,480851,548,548
2024-09-24,482540,144,144
2023-05-30,530115,907,907
2024-02-07,241688,479,479
2023-08-17,678206,332,332
2023-01-26,361809,88,88
2023-05-23,207196,150,150
2022-06-12,623962,898,898
2022-11-08,480766,243,243
2022-07-01,347756,188,188
2022-07-19,334124,22,22
2022-10-04,645185,711,711
2022-08-17,202739,934,934
2022-09-16,568259,789,789
2022-05-09,327678,236,236
2024-01-15,430556,435,435
2022-01-07,123992,260,260
2023-01-09,480766,243,243
2024-06-17,675148,578,578
2024-07-04,317161,472,472
2022-09-26,943956,928,928
2023-04-28,563206,393,393
2022-02-07,466956,589,589
2023-10-08,261177,889,889
2022-10-22,706256,546,546
2023-11-13,448296,274,274
2023-01-20,493653,705,705
2024-12-17,885847,538,538
2022-03-19,380198,662,662
2022-03-13,325839,779,779
2023-04-18,963152,541,541
2023-03-15,221001,204,204
2024-01-25,921117,909,909
2022-10-09,269863,91,91
2024-04-04,980008,687,687
2023-06-11,839977,820,820
2022-07-25,333270,535,535
2024-02-15,353923,269,269
2024-11-11,400536,824,824
2024-08-16,260490,441,441
2023-01-10,113555,145,145
2023-01-18,754441,139,139
2024-06-06,203294,871,871
2022-11-21,608301,713,713
2022-05-05,882571,771,771
2023-06-13,224061,278,278
2024-03-24,903363,827,827
2022-09-18,882386,250,250
2024-12-17,407199,847,806
2022-06-11,495972,147,147
2024-10-20,368560,527,527
2022-09-20,370562,855,855
2023-07-20,508755,260,260
2024-08-17,981926,113,113
2022-07-03,308386,922,922
2024-01-02,142044,573,573
2024-09-06,317344,591,591
2022-06-19,155894,427,427
2022-08-29,204354,20,20
2022-12-06,584918,218,218
2023-08-09,701473,669,669
2023-06-18,211702,684,684
2023-01-03,575031,353,353
2022-06-08,537140,246,246
2023-12-04,870859,802,802
2022-07-18,266059,177,177
2022-04-06,870859,802,802
2024-07-07,154183,969,969
2023-07-13,290750,607,607
2022-10-31,932317,458,458
2024-03-09,465843,835,835
2022-06-20,110895,957,957
2023-12-09,293939,109,109
2022-04-24,352497,665,665
2024-09-24,667444,989,989
2024-01-17,737107,593,593
2024-09-12,203576,943,943
2022-09-07,434079,250,250
2023-11-14,333244,746,746
2023-06-28,456962,107,107
2022-11-03,917415,959,959
2024-07-04,321141,525,525
2023-11-16,632183,208,208
2023-11-11,468179,877,877
2023-03-12,512005,275,275
2023-10-29,115068,245,245
2024-01-30,553150,844,844
2024-07-14,830868,801,814
2023-05-14,694395,613,613
2022-06-26,770942,271,271
2024-10-26,480345,227,227
2022-07-19,544720,99,99
2024-06-15,663408,881,881
2023-12-23,586634,397,397
2023-02-28,604662,325,325
2022-12-18,575671,622,622
2023-01-24,452776,676,676
2023-11-28,791453,949,975
2023-05-29,584653,622,622
2022-09-14,317161,472,472
2024-12-21,181354,792,792
2024-01-20,622709,201,201
2023-04-01,609852,628,628
2023-03-05,337705,36,36
2023-10-17,283085,656,656
2022-10-07,800393,937,937
2024-05-31,675369,731,731
2023-12-01,645680,968,968
2024-04-08,623962,898,898
2023-03-10,568882,585,585
2022-07-21,282771,748,784
2023-06-11,906524,32,32
2022-01-30,612527,468,468
2024-08-19,186766,857,857
2022-08-02,288681,489,489
2023-04-29,200202,979,979
2022-05-17,784784,288,288
2024-04-05,685191,282,282
2023-07-05,301883,772,772
2024-09-08,155245,815,815
2023-10-18,643572,100,100
2024-10-27,140557,746,746
2022-06-27,101021,820,820
2024-07-18,413053,672,672
2023-12-20,113555,145,145
2024-01-27,738343,240,240
2023-07-18,401316,272,272
2023-07-17,224102,788,788
2022-09-03,142044,573,573
2023-04-05,685835,712,712
2024-03-12,466611,769,769
2024-05-01,969349,215,215
2023-08-03,480766,243,243
2024-02-14,190312,63,63
2023-12-18,463834,750,750
2022-03-08,939733,86,86
2022-01-07,172323,742,742
2024-12-13,675148,578,578
2022-11-26,579866,450,450
2022-01-07,357024,668,668
2023-01-22,788570,301,301
2022-06-14,221001,204,204
2022-07-12,534059,575,575
2024-10-20,833412,239,239
2023-02-27,166195,688,688
2024-03-01,181354,792,792
2022-07-28,388461,970,970
2024-09-03,210772,593,593
2024-06-19,342028,414,414
2024-05-22,596104,522,522
2024-11-03,637154,83,83
2022-01-27,495444,776,776
2022-10-17,552703,134,134
2024-02-15,203576,943,981
2024-08-17,940002,189,195
2022-11-19,110199,618,618
2024-01-21,822210,981,981
2022-04-28,519835,865,865
2022-04-22,251472,956,956
2024-01-11,347756,188,188
2022-07-17,688849,295,295
2023-09-22,168986,997,997
2023-04-22,241688,479,479
2022-01-07,487193,824,824
2022-03-03,682838,886,886
2022-03-21,279775,425,425
2024-11-11,930403,876,876
2022-11-15,424781,626,626
2023-02-05,949599,511,511
2024-12-05,817744,117,117
2022-06-12,310034,287,287
2022-05-17,376270,928,928
2022-07-28,535525,372,372
2024-04-17,166195,688,688
2024-07-18,854147,918,918
2022-09-13,529810,435,435
2023-06-18,454234,452,452
2023-04-20,490915,471,471
2024-05-29,778154,848,848
2023-05-28,812496,343,343
2024-06-11,551418,803,803
2023-01-27,331013,188,188
2022-11-25,581829,967,967
2024-12-30,782568,866,866
2022-06-25,448084,285,285
2024-06-05,828370,33,33
2023-05-28,345528,712,726
2024-11-06,560001,515,515
2022-07-02,469375,539,539
2023-11-29,422773,827,827
2024-09-17,136260,965,965
2024-01-30,814300,923,956
2023-09-25,938002,429,429
2022-02-10,259331,595,595
2024-10-30,251344,359,359
2023-03-27,599775,983,983
2024-06-29,685718,523,523
2022-10-15,792239,127,127
2024-07-24,973506,816,816
2024-04-12,296533,81,81
2024-04-23,802044,577,577
2024-01-08,949599,511,511
2022-06-20,799601,662,662
2022-07-08,931448,769,769
2024-09-06,424805,296,296
2023-07-29,267900,888,896
2023-05-05,634921,819,819
2024-11-01,753545,371,371
2022-07-27,173408,201,201
2024-07-23,167042,464,464
2023-05-15,565187,257,257
2023-09-30,536365,935,935
2022-04-24,468179,877,877
2024-07-07,855655,40,40
2022-12-24,979300,937,937
2022-05-17,423683,830,830
2022-05-11,650911,414,414
2022-11-14,603537,993,993
2022-02-17,223043,307,307
2022-03-12,312234,404,404
2023-12-06,622709,201,201
2024-03-25,434079,250,250
2022-02-22,683414,111,111
2024-02-26,859746,929,929
2024-12-27,753811,640,640
2023-03-25,536149,819,819
2024-09-24,975445,144,144
2024-06-23,938009,747,747
2022-08-30,568259,789,789
2024-04-08,922686,245,244
2023-10-08,203294,871,871
2023-05-28,160219,185,185
2022-08-26,530904,291,291
2024-01-25,113555,145,145
2023-10-04,793417,674,658
2023-10-08,270174,855,855
2023-01-10,802436,845,845
2022-07-21,702707,969,969
2023-10-05,888826,365,365
2023-12-07,190312,63,63
2024-12-16,448995,554,554
2023-08-21,512005,275,275
2023-01-01,773010,514,514
2023-04-27,994602,908,908
2024-05-03,527217,996,996
2023-05-26,295634,31,31
2023-07-26,106312,208,208
2022-06-19,176638,403,403
2022-11-09,882856,150,150
2022-04-12,149870,299,299
2023-01-06,714543,575,575
2023-11-25,298919,855,855
2022-05-28,491706,526,526
2024-08-02,807978,281,281
2023-09-15,910818,732,732
2023-03-05,166195,688,688
2024-07-20,665713,558,558
2022-01-03,812169,901,901
2022-09-16,173198,430,430
2023-02-02,159727,496,496
2024-05-16,467936,412,412
2024-05-10,668325,592,592
2024-09-02,494215,100,100
2024-05-11,839940,631,631
2024-10-30,837161,538,539
2024-02-26,399927,289,289
2023-03-06,205923,125,125
2022-05-31,740702,55,55
2022-07-13,466611,769,769
2023-11-27,754441,139,139
2024-05-07,221001,204,200
2023-12-19,721538,724,724
2024-05-07,231289,53,53
2023-10-18,758773,356,356
2022-11-11,672033,272,272
2024-11-29,876999,886,886
2022-04-07,984936,459,459
2024-10-04,278835,453,453
2022-09-22,776325,237,237
2023-04-20,694395,613,613
2024-07-22,551571,564,564
2024-07-01,205923,125,125
2023-03-08,742719,748,748
2022-08-05,763224,592,592
2024-09-28,409447,657,644
2024-11-10,519162,371,371
2023-05-20,492320,248,248
2022-12-26,360743,297,297
2024-04-12,252823,984,984
2024-04-20,636168,578,578
2024-01-25,137662,452,452
2024-11-30,894302,572,572
2022-06-23,563669,921,921
2022-09-04,973817,825,825
2023-08-09,140557,746,746
2024-03-03,254537,856,856
2022-06-11,828745,772,772
2024-12-17,332104,727,727
2023-05-16,704491,328,328
2023-04-11,465996,768,768
2024-07-24,749189,902,902
2024-05-14,418774,506,506
2024-04-26,574159,311,311
2022-10-26,672033,272,272
2023-05-01,314209,355,355
2022-02-19,870859,802,802
2023-05-23,675162,383,383
2022-05-10,641570,628,628
2022-07-08,754441,139,139
2024-03-21,391536,694,694
2022-03-22,167680,348,348
2024-02-10,370562,855,855
2023-08-12,935509,593,593
2024-02-05,581157,524,524
2024-10-26,295711,291,291
2022-04-01,833109,447,447
2022-06-07,663408,881,881
2023-10-25,218541,236,236
2024-11-29,837161,538,538
2023-06-08,732913,340,340
2022-10-13,676300,29,29
2023-01-01,939733,86,86
2024-11-09,190134,394,394
2023-04-21,466611,769,769
2023-08-15,635483,847,847
2022-10-21,314209,355,355
2022-06-01,268791,741,741
2024-09-26,784423,975,975
2024-04-15,803583,832,832
2024-09-10,469375,539,539
2022-09-28,562878,397,397
2022-03-13,530115,907,885
2023-04-02,533717,155,155
2024-09-24,875670,224,224
2023-02-03,850446,282,282
2024-10-07,229367,627,627
2023-07-02,350897,720,720
2023-12-29,295711,291,291
2024-02-03,930403,876,876
2024-07-20,622709,201,201
2023-01-23,773010,514,514
2022-02-01,295634,31,31
2024-05-01,859651,211,211
2024-06-13,273364,919,919
2024-11-10,322127,553,553
2024-12-07,800393,937,937
2024-02-16,912431,588,588
2022-08-07,537991,892,892
2023-04-22,259331,595,595
2023-10-20,113555,145,145
2022-03-10,561191,916,916
2024-07-01,188885,412,412
2022-09-17,586507,951,951
2023-05-03,767135,908,908
2023-05-01,153282,422,422
2023-05-10,173215,256,256
2023-08-25,757386,700,700
2022-06-27,742719,748,748
2022-06-13,303948,919,919
2022-10-15,562012,834,834
2023-03-16,465746,157,157
2022-09-21,248610,551,551
2023-03-11,154183,969,969
2022-09-27,428326,940,940
2022-06-29,491706,526,526
2022-05-05,871950,899,899
2023-10-31,492320,248,248
2022-05-20,452776,676,676
2024-05-24,699969,869,869
2023-06-16,645680,968,968
2023-06-24,285661,646,646
2024-06-17,367080,403,403
2024-04-16,874508,661,661
2023-01-11,987028,245,245
2022-05-21,663902,273,273
2024-11-21,226389,428,428
2023-05-16,542654,477,477
2024-01-07,332104,727,727
2022-08-05,969349,215,215
2024-03-25,873429,476,476
2024-10-09,160969,171,171
2024-12-29,448995,554,554
2022-12-13,923895,97,97
2022-07-26,739096,766,766
2024-02-28,869681,169,169
2023-07-24,394187,303,303
2024-05-03,428326,940,940
2024-12-11,807978,281,281
2022-01-16,799601,662,662
2023-09-24,991620,475,475
2022-07-28,480851,548,548
2024-05-16,671414,921,921
2024-12-28,343445,656,656
2023-05-31,598199,645,645
2023-05-05,575031,353,353
2024-03-15,567970,282,282
2024-02-24,906524,32,32
2023-07-13,166195,688,712
2023-07-01,158212,31,31
2023-05-30,778840,708,724
2023-02-22,862405,777,777
2022-03-14,266059,177,177
2022-02-14,314209,355,355
2024-11-07,574628,807,807
2022-02-10,994602,908,908
2023-08-13,424781,626,626
2023-08-11,285661,646,646
2023-06-13,235956,939,939
2022-09-10,574628,807,807
2023-08-20,797620,886,886
2024-04-16,931062,581,581
2023-07-14,815349,997,997
2022-10-14,832819,331,331
2022-01-28,953092,751,751
2024-08-07,325883,868,868
2024-08-24,619978,385,385
2024-02-28,137662,452,452
2022-01-03,690495,959,959
2023-11-06,224061,278,278
2023-01-29,701473,669,669
2024-04-24,832738,766,766
2023-05-19,154597,649,649
2022-07-28,306520,761,761
2022-10-26,434750,646,646
2023-09-12,603792,447,447
2024-08-24,457220,939,939
2023-09-27,726756,156,156
2023-06-17,456962,107,107
2022-11-02,712933,165,165
2022-10-09,113555,145,145
2023-09-22,255391,176,176
2024-07-25,283085,656,656
2024-11-05,155245,815,815
2023-06-15,996227,317,317
2024-04-11,140557,746,746
2022-12-02,376270,928,928
2023-07-07,220084,234,234
2022-02-27,159727,496,496
2022-01-06,504920,788,788
2023-09-01,469375,539,539
2024-05-31,245920,959,959
2024-09-06,380198,662,662
2024-04-04,105964,630,630
2023-10-16,403058,892,892
2022-04-17,247192,168,168
2024-05-21,472851,96,96
2023-01-22,737329,671,671
2022-03-26,105964,630,630
2024-09-27,645185,711,686
2024-05-13,185283,335,318
2023-12-14,466956,589,589
2022-02-06,292395,933,969
2023-12-18,720125,309,309
2022-08-18,871950,899,899
2024-04-02,699969,869,860
2024-03-17,144289,260,260
2024-01-28,250464,120,120
2024-09-12,681468,433,433
2022-03-29,803686,49,49
2023-07-02,247186,652,652
2024-10-28,687888,63,63
2023-05-30,403034,784,784
2022-05-10,550204,408,408
2022-02-01,111708,869,869
2023-05-08,709859,115,115
2023-11-27,504971,325,325
2023-02-03,875411,210,210
2022-10-07,569958,232,232
2023-12-06,791403,156,156
2024-05-20,342028,414,414
2022-01-02,643572,100,100
2022-05-09,293854,882,882
2024-10-09,996481,100,100
2024-09-13,792097,206,206
2024-11-24,262379,214,214
2022-05-23,568882,585,585
2023-08-24,828707,403,403
2024-07-03,494259,824,824
2024-01-24,177366,167,167
2024-12-05,759243,921,891
2024-07-13,973301,517,517
2023-08-15,250464,120,120
2023-06-04,849747,266,266
2022-12-21,963152,541,541
2023-11-09,266059,177,177
2024-06-05,938009,747,747
2022-04-11,634921,819,819
2024-11-27,363394,877,877
2024-02-27,322127,553,553
2022-10-23,720125,309,309
2022-09-10,353555,840,840
2024-07-11,190144,191,191
2024-01-16,720404,508,508
2023-11-22,897417,408,408
2024-03-31,120686,298,298
2024-09-22,359759,669,669
2023-03-08,540579,507,507
2024-02-20,519835,865,865
2022-03-01,702707,969,969
2022-11-19,969709,206,206
2023-01-17,563669,921,921
2023-11-16,530915,427,427
2023-12-12,234328,300,300
2022-05-18,113555,145,145
2022-10-30,822210,981,981
2023-10-14,969349,215,215
2023-12-19,568380,799,799
2022-11-28,202739,934,934
2024-10-27,931062,581,581
2022-10-10,553150,844,844
2023-07-16,803583,832,832
2022-01-11,569958,232,232
2024-02-16,251344,359,359
2023-11-19,262013,810,810
2022-06-13,176638,403,403
2024-11-26,897131,127,127
2024-09-14,894302,572,589
2023-02-03,761340,338,338
2024-10-27,470428,204,204
2024-04-29,395238,93,92
2024-12-05,839742,44,45
2024-08-01,123992,260,260
2024-12-15,272473,216,216
2023-09-13,778840,708,708
2022-01-18,359344,595,595
2022-04-14,251472,956,956
2023-03-31,222819,351,351
2022-05-23,290750,607,607
2024-02-18,428326,940,940
2024-10-31,458873,68,68
2024-09-10,375083,522,522
2024-06-11,586820,295,295
2022-12-13,644117,659,659
2023-03-12,233192,983,983
2022-05-23,889293,569,569
2024-06-06,796576,706,706
2022-07-15,573881,414,414
2022-07-05,574159,311,311
2022-10-24,720239,753,753
2023-11-22,195420,37,37
2022-10-11,645185,711,711
2022-09-27,596200,291,291
2024-11-30,452776,676,676
2024-10-14,360235,35,35
2023-02-23,165567,97,97
2024-06-01,212460,276,276
2023-03-14,410114,34,34
2023-04-22,762474,652,652
2022-04-20,997190,75,75
2022-05-04,846480,176,176
2022-11-18,688984,382,382
2024-12-22,859651,211,211
2023-01-18,410114,34,34
2022-04-20,963044,413,413
2023-10-27,984936,459,459
2024-01-28,758566,179,179
2024-03-16,609852,628,628
2022-02-25,543372,592,592
2023-04-30,997190,75,76
2024-11-19,832738,766,766
2022-05-08,687888,63,63
2023-03-28,453351,44,44
2024-06-12,629289,84,84
2024-10-15,782385,896,896
2023-09-11,812169,901,901
2024-05-25,762474,652,652
2024-03-28,312234,404,404
2023-02-06,885471,799,799
2023-10-28,921117,909,909
2023-06-11,803548,352,352
2024-06-09,123992,260,260
2022-01-27,546568,233,233
2024-08-02,530904,291,291
2024-02-02,535525,372,372
2024-07-24,604662,325,325
2023-11-17,563669,921,921
2024-12-25,802436,845,845
2022-07-08,527217,996,996
2023-04-02,204945,169,169
2024-12-06,173215,256,256
2024-01-29,140557,746,746
2022-07-12,658341,466,466
2022-07-08,220543,942,907
2024-12-30,977674,809,809
2023-05-22,695171,534,534
2024-07-25,266687,493,493
2023-06-25,767135,908,908
2024-10-28,897131,127,127
2023-01-17,352569,210,210
2022-08-12,181242,279,279
2022-11-22,790293,972,972
2022-07-15,456962,107,108
2023-09-19,989199,795,795
2022-01-29,292395,933,933
2023-04-06,852005,308,308
2024-08-04,372529,305,305
2023-08-26,200659,155,155
2023-02-14,545852,596,613
2022-11-27,934579,23,23
2024-04-07,207196,150,150
2023-11-04,268274,22,22
2022-07-05,375257,107,107
2023-06-01,833109,447,447
2023-12-07,674170,693,693
2023-08-21,958326,511,511
2023-09-28,468179,877,877
2024-12-23,973301,517,517
2022-08-03,154183,969,969
2023-02-10,659964,993,993
2024-09-20,752850,222,222
2022-10-21,982035,235,235
2022-05-31,331013,188,188
2024-06-08,583015,439,439
2024-07-20,245992,492,492
2023-01-20,144178,577,577
2022-04-30,895998,205,205
2023-06-07,475484,187,187
2022-03-10,776325,237,237
2023-08-05,574159,311,311
2024-09-13,245992,492,492
2022-10-11,963044,413,413
2023-08-12,634010,330,330
2024-07-22,746562,774,774
2024-11-19,110895,957,957
2023-11-26,508755,260,260
2024-02-09,754434,670,658
2023-06-15,469834,983,964
2024-09-30,465152,572,572
2024-04-26,737504,538,541
2023-01-14,202337,592,592
2024-12-05,210477,159,159
2024-01-23,620011,711,711
2022-11-21,234328,300,300
2023-11-16,875411,210,210
2022-02-20,812169,901,901
2023-01-24,854189,958,958
2023-08-12,645351,464,464
2023-12-16,311135,866,866
2023-10-27,193500,172,172
2022-01-29,338467,300,300
2022-09-30,976864,580,580
2023-03-24,337705,36,36
2023-07-12,650911,414,414
2022-03-15,110199,618,618
2024-10-26,656281,830,830
2022-01-02,430556,435,435
2022-10-19,220011,252,252
2022-08-18,342028,414,414
2023-06-16,337705,36,36
2022-09-10,802436,845,845
2023-11-20,235956,939,939
2023-08-15,767135,908,908
2024-05-08,854147,918,918
2022-06-29,255362,545,545
2022-10-11,829034,919,913
2024-07-07,767154,393,393
2022-04-09,814850,128,128
2022-05-27,431346,88,88
2023-12-09,491706,526,526
2024-07-21,183454,335,335
2023-10-07,327678,236,236
2023-02-22,737107,593,593
2023-04-29,596200,291,291
2024-06-09,981868,868,868
2022-12-25,543372,592,592
2022-07-23,220011,252,252
2024-12-16,150615,221,221
2024-10-27,838349,265,265
2022-02-15,884960,772,772
2022-01-29,850499,993,980
2023-06-06,328867,339,339
2022-11-23,918625,48,48
2022-01-31,746309,44,44
2024-07-12,720125,309,309
2023-04-05,565187,257,257
2022-11-09,996227,317,317
2022-12-06,576263,314,314
2022-04-30,282826,315,315
2024-04-02,338467,300,300
2023-04-17,766627,499,499
2024-07-01,225504,529,529
2024-09-28,515011,582,582
2022-09-27,144289,260,260
2024-08-05,840938,148,148
2023-07-29,463376,332,332
2024-08-07,874331,783,783
2024-08-17,742719,748,748
2022-04-10,154183,969,952
2022-09-28,949547,219,219
2022-08-01,158212,31,31
2024-08-04,912583,453,453
2023-10-09,336238,776,776
2023-01-18,645680,968,968
2022-08-04,900838,994,994
2024-08-24,984936,459,459
2022-08-29,563206,393,393
2024-04-17,690861,656,656
2022-11-05,806367,901,901
2022-06-26,665713,558,558
2024-10-25,898953,145,145
2022-07-22,243285,386,386
2024-08-29,788622,506,506
2023-08-26,328704,785,785
2022-08-21,685718,523,523
2024-01-11,194308,255,259
2022-03-28,680105,387,387
2023-06-03,675148,578,578
2022-06-23,811385,351,351
2022-06-07,830829,676,676
2024-07-17,654295,388,388
2022-01-24,197637,128,128
2023-05-13,183457,30,30
2023-12-29,164756,192,192
2023-10-03,806847,170,170
2022-06-23,895998,205,205
2024-07-25,159727,496,485
2024-08-22,110895,957,957
2023-05-29,400921,582,582
2024-09-13,583015,439,439
2023-03-26,499708,589,589
2022-08-09,857828,434,434
2024-10-13,394318,764,764
2023-12-18,234470,824,824
2024-02-09,603792,447,447
2022-04-06,527217,996,996
2024-09-06,977674,809,809
2024-06-03,365035,787,787
2022-12-14,720919,282,282
2022-05-05,861337,538,538
2023-12-14,643572,100,100
2024-08-02,229367,627,627
2022-03-06,934703,292,292
2023-05-13,664308,371,371
2022-05-25,380941,543,543
2022-08-26,331869,675,675
2024-12-23,107295,749,749
2022-12-13,940002,189,189
2023-11-19,720239,753,753
2023-02-14,832819,331,326
2022-05-20,290750,607,607
2024-09-22,870859,802,802
2023-11-06,938736,374,374
2024-04-30,469834,983,983
2024-07-27,291051,510,510
2023-10-29,448084,285,285
2024-11-01,885847,538,538
2024-05-20,949547,219,219
2024-08-12,935509,593,593
2023-09-12,840938,148,148
2023-01-30,939609,553,553
2023-01-31,662233,669,669
2023-02-25,551623,362,362
2022-03-29,142044,573,573
2023-03-09,530115,907,907
2023-05-02,150615,221,221
2022-01-01,134605,532,532
2024-06-07,279775,425,425
2023-01-20,987868,349,349
2024-12-25,133805,70,70
2023-11-21,203333,405,405
2023-10-02,411177,117,117
2024-09-30,251622,553,553
2023-07-23,685718,523,523
2024-11-11,367929,435,435
2022-12-02,393806,195,195
2023-08-19,694395,613,613
2022-12-20,807634,393,393
2024-03-18,205923,125,125
2022-02-26,993757,556,556
2022-05-22,763224,592,585
2023-11-22,925426,887,887
2024-03-16,792097,206,206
2023-10-11,560988,543,543
2023-11-16,492320,248,248
2023-03-26,379309,239,239
2023-07-28,164756,192,192
2024-06-09,285661,646,646
2023-01-28,352497,665,665
2024-05-27,808848,233,233
2022-02-20,663902,273,270
2023-03-11,283085,656,656
2024-01-23,317344,591,591
2022-12-19,476035,729,729
2024-04-23,162930,998,1041
2024-01-21,670424,860,860
2024-10-08,980428,775,767
2023-10-28,453351,44,44
2024-07-08,295711,291,291
2022-01-01,364638,990,990
2024-12-15,342028,414,414
2023-10-24,806847,170,170
2022-12-31,418774,506,506
2023-11-15,762474,652,652
2022-12-01,105386,913,913
2023-11-23,850499,993,993
2022-05-03,912583,453,453
2024-07-27,862812,920,920
2022-12-02,895998,205,205
2022-04-09,922686,245,245
2022-03-16,808848,233,228
2023-08-11,670587,943,943
2022-10-29,372529,305,305
2023-08-03,361809,88,88
2024-09-02,746309,44,44
2023-05-09,545852,596,596
2024-10-18,688849,295,295
2024-10-24,854147,918,918
2023-03-11,602699,286,286
2022-12-10,154183,969,969
2023-12-14,325923,41,41
2023-03-02,439013,129,129
2023-11-06,306520,761,761
2024-09-10,476035,729,729
2023-04-10,795085,724,724
2023-01-16,247186,652,652
2023-06-27,177366,167,167
2023-12-15,955995,154,154
2023-11-27,206921,845,845
2024-10-09,575671,622,622
2022-10-25,765525,116,116
2022-10-17,629698,626,626
2024-11-26,364638,990,990
2024-06-29,994214,548,548
2024-05-03,160219,185,185
2023-01-14,288681,489,489
2023-01-27,764263,69,69
2024-07-19,197637,128,128
2024-11-28,125091,291,291
2023-10-09,463376,332,332
2024-04-04,839742,44,44
2023-08-27,566472,254,254
2022-01-31,126267,383,383
2023-11-21,939609,553,553
2022-06-22,897131,127,127
2023-09-12,687888,63,63
2022-04-03,233192,983,942
2022-01-20,897131,127,127
2023-01-08,900838,994,994
2022-01-18,859746,929,929
2022-10-13,671414,921,921
2023-12-17,811271,746,746
2024-11-17,295634,31,31
2022-07-25,105386,913,913
2022-09-02,560988,543,543
2023-02-23,820291,874,874
2023-12-25,393948,681,681
2024-07-22,345528,712,712
2022-08-24,101021,820,820
2022-08-08,116248,769,769
2022-03-17,247186,652,652
2023-12-23,148157,928,928
2024-07-21,850655,536,536
2023-10-10,837619,81,81
2023-02-27,357024,668,668
2022-08-29,690495,959,959
2022-08-29,611471,932,932
2022-12-26,234747,390,390
2022-01-15,958326,511,511
2022-06-07,904741,754,754
2023-11-26,186200,829,829
2023-06-27,163400,720,720
2024-03-12,885471,799,799
2023-04-22,260405,114,114
2023-06-29,568259,789,789
2024-09-30,574628,807,807
2023-12-21,877922,262,262
2023-06-28,569958,232,232
2022-02-16,776325,237,237
2022-03-16,364638,990,990
2022-09-09,981926,113,113
2022-06-22,544222,517,517
2023-02-15,257530,979,979
2022-06-20,655629,416,407
2022-04-01,416170,214,214
2023-11-27,881155,359,359
2024-01-28,889293,569,569
2024-10-25,780239,865,865
2024-05-25,594277,744,744
2022-08-25,822210,981,981
2024-12-18,510342,341,341
2022-11-21,701473,669,669
2024-09-03,810523,541,541
2022-12-20,400536,824,824
2022-08-06,268274,22,22
2024-04-23,596220,325,325
2024-04-17,864680,312,312
2023-12-23,173198,430,430
2024-06-09,159727,496,496
2024-01-06,263922,893,893
2024-07-21,918410,426,426
2024-06-17,762474,652,652
2024-05-01,534059,575,576
2022-02-20,252350,395,388
2024-12-08,430556,435,435
2022-06-15,431677,770,770
2023-05-02,702065,169,169
2023-02-04,963152,541,541
2023-11-01,401985,205,205
2024-08-24,975738,926,926
2023-10-07,322995,995,1008
2023-11-07,279775,425,425
2022-10-13,135897,257,257
2024-09-12,359759,669,669
2024-08-07,530115,907,907
2024-09-26,229367,627,627
2023-04-28,963990,130,130
2023-03-21,551699,393,393
2022-10-19,758773,356,356
2024-05-19,390134,503,503
2022-04-13,864680,312,312
2023-08-22,162930,998,998
2024-03-30,453351,44,44
2022-03-24,316378,640,662
2024-05-29,686853,565,565
2022-08-21,649807,476,476
2022-01-13,262013,810,810
2024-11-28,980008,687,687
2023-05-24,413495,526,526
2024-04-20,162930,998,998
2022-09-04,546962,844,844
2022-05-31,788622,506,506
2023-07-02,879341,681,681
2023-01-31,183457,30,30
2024-04-22,781158,750,750
2022-06-11,231289,53,53
2022-01-10,123992,260,260
2024-05-03,168474,94,94
2023-02-07,706767,706,706
2024-12-30,706256,546,546
2024-11-26,837619,81,81
2022-11-30,857773,186,186
2022-04-12,255596,377,377
2024-09-06,107295,749,763
2024-10-07,780239,865,865
2022-12-13,720125,309,309
2023-06-06,203294,871,871
2023-05-31,536149,819,819
2024-02-12,396650,853,853
2024-11-03,726756,156,156
2023-09-03,452567,198,198
2022-12-24,125161,930,930
2022-06-29,561191,916,916
2023-12-29,527217,996,996
2022-06-23,706256,546,546
2022-12-08,279775,425,425
2023-12-18,368560,527,527
2023-03-23,216629,105,105
2022-02-22,399927,289,289
2022-01-29,108716,321,321
2023-11-22,898953,145,145
2023-01-04,537797,398,402
2023-02-06,182786,926,926
2024-11-30,857828,434,434
2024-03-06,859651,211,211
2024-03-23,354864,66,66
2023-03-19,770370,788,788
2024-01-31,790293,972,972
2024-10-21,994602,908,908
2022-01-01,682838,886,886
2022-07-07,884460,827,844
2022-07-17,626456,588,588
2023-02-04,457220,939,939
2023-06-10,709859,115,115
2024-12-18,443409,234,234
2022-02-13,663408,881,881
2022-05-31,262013,810,810
2022-06-24,850446,282,282
2024-08-22,148157,928,969
2023-01-26,662233,669,669
2022-09-11,688849,295,295
2024-04-23,399703,374,374
2023-04-01,981646,983,983
2022-08-05,875411,210,210
2022-01-17,786296,207,207
2024-11-27,167042,464,464
2024-07-21,891288,460,460
2022-05-07,469834,983,983
2023-10-16,620011,711,711
2023-09-22,882571,771,771
2023-03-12,767135,908,908
2022-07-28,404670,233,233
2022-07-24,726756,156,156
2023-01-10,678083,973,973
2023-10-02,497229,88,88
2024-01-20,435709,503,503
2022-07-09,216629,105,105
2023-08-12,548275,707,707
2023-12-27,603537,993,993
2024-02-12,780132,902,902
2022-01-09,279775,425,425
2022-09-03,403034,784,784
2024-06-14,251472,956,961
2022-08-11,720239,753,753
2024-02-29,654295,388,388
2022-03-12,879903,406,406
2023-08-14,644117,659,659
2024-09-12,429685,857,857
2022-09-11,812169,901,869
2024-11-28,338467,300,300
2023-05-15,483381,618,618
2024-05-23,101021,820,820
2024-10-11,467936,412,412
2022-07-12,168986,997,997
2023-01-24,225504,529,529
2022-04-08,254496,803,803
2022-11-19,690861,656,656
2023-01-30,234328,300,300
2022-07-20,393806,195,195
2024-02-17,881155,359,359
2023-07-18,250464,120,120
2023-03-22,888826,365,365
2022-07-21,322127,553,553
2023-05-22,934631,197,197
2022-03-02,897417,408,408
2024-12-14,621406,65,65
2024-05-30,176638,403,403
2022-03-03,200959,900,900
2022-09-08,452776,676,676
2022-06-30,934631,197,197
2024-10-20,487193,824,824
2024-10-02,656281,830,830
2023-02-05,200959,900,900
2024-10-31,656716,691,691
2022-07-12,545852,596,596
2024-06-30,882386,250,250
2023-12-12,542654,477,477
2023-06-07,918625,48,48
2023-06-30,560988,543,543
2023-03-21,544222,517,517
2024-08-25,353555,840,840
2022-04-13,686351,547,547
2024-09-25,108716,321,321
2023-09-28,188885,412,412
2022-07-23,754434,670,670
2024-12-25,912431,588,588
2022-09-20,428326,940,940
2023-06-07,603792,447,447
2022-07-04,345528,712,712
2024-11-21,970236,890,890
2023-03-08,596104,522,522
2022-08-19,282771,748,748
2022-07-01,837619,81,81
2024-06-10,924997,224,224
2023-04-28,943061,666,666
2023-12-15,475484,187,187
2023-11-12,670587,943,943
2023-11-30,452776,676,676
2023-06-10,533717,155,155
2022-11-22,167680,348,348
2024-04-11,561191,916,916
2023-01-27,944462,676,676
2024-02-24,277336,796,796
2023-11-29,277336,796,796
2024-08-15,709859,115,115
2023-11-27,333270,535,535
2023-07-05,415020,365,365
2022-06-26,706256,546,546
2022-07-09,624784,417,417
2023-08-18,752082,189,189
2023-03-05,362977,267,270
2022-10-13,553150,844,844
2024-04-30,862812,920,920
2024-10-15,767154,393,393
2022-02-03,407199,847,847
2022-12-07,875670,224,224
2024-11-04,709214,122,122
2024-05-14,575031,353,353
2022-02-03,681468,433,433
2023-01-28,499708,589,589
2022-08-28,499708,589,589
2023-12-17,743491,329,329
2022-03-27,762474,652,652
2024-07-19,603096,899,899
2023-05-28,163400,720,720
2022-08-18,850446,282,282
2022-12-09,450479,53,53
2023-08-07,664720,586,579
2022-11-10,314209,355,355
2022-12-17,255391,176,176
2023-05-02,472716,966,966
2024-09-14,598199,645,645
2023-04-30,939733,86,86
2022-02-06,553150,844,844
2022-05-21,876999,886,886
2024-06-30,430556,435,435
2023-07-04,293854,882,882
2022-12-19,309719,275,275
2024-07-11,317344,591,591
2022-05-30,819930,958,964
2023-03-13,757386,700,700
2024-02-12,322127,553,553
2023-10-09,802813,382,382
2024-08-19,884960,772,772
2022-04-04,393171,124,124
2023-12-07,466611,769,769
2023-03-24,586634,397,397
2023-04-27,367929,435,435
2022-12-19,976864,580,580
2022-03-26,316378,640,640
2023-03-02,721538,724,724
2022-03-24,703168,842,842
2022-02-22,670424,860,860
2023-07-09,594277,744,744
2024-03-24,832738,766,766
2022-05-26,803548,352,352
2022-06-18,203294,871,871
2023-06-04,429685,857,857
2022-01-26,685835,712,712
2022-05-02,738343,240,240
2023-04-29,388461,970,970
2024-09-07,116721,942,942
2022-04-13,938009,747,747
2022-11-15,776325,237,237
2024-10-01,147007,894,894
2022-04-18,843420,237,237
2024-01-14,925587,731,731
2024-06-04,658341,466,466
2024-09-14,173215,256,256
2024-10-28,635483,847,847
2024-01-21,545670,152,152
2022-01-09,261489,366,366
2023-03-03,133805,70,70
2022-01-30,368560,527,517
2023-12-03,799601,662,662
2023-12-06,465152,572,572
2023-01-02,161268,559,559
2023-04-15,400921,582,582
2023-07-03,130674,358,358
2023-03-13,810607,651,651
2022-11-13,465152,572,572
2022-11-12,974536,153,153
2022-10-22,766632,616,616
2022-07-13,400536,824,824
2024-04-11,674170,693,693
2024-07-09,391536,694,694
2023-03-07,973301,517,517
2024-11-16,853672,669,687
2024-06-01,331013,188,188
2024-08-01,519162,371,371
2023-04-21,612969,802,802
2023-10-13,854189,958,958
2023-03-03,491706,526,526
2022-06-01,452567,198,198
2022-10-07,544222,517,517
2024-06-18,374401,711,711
2022-10-15,738343,240,240
2024-03-10,545670,152,152
2022-11-11,873287,679,679
2024-11-15,167773,279,279
2022-11-05,521911,970,970
2024-11-27,466956,589,570
2023-04-01,854147,918,926
2023-06-04,317344,591,591
2024-06-03,835091,826,826
2022-09-10,932317,458,458
2024-08-04,388461,970,970
2022-01-03,817744,117,117
2023-09-04,581157,524,524
2024-08-12,393806,195,195
2024-04-25,252823,984,984
2023-09-20,406361,663,663
2023-04-29,397623,271,271
2024-03-07,857773,186,186
2022-07-07,706256,546,546
2023-05-16,788622,506,506
2022-11-15,583015,439,439
2024-03-29,808175,41,41
2022-03-15,957379,92,92
2022-07-18,106312,208,208
2022-09-04,709603,840,840
2023-06-13,569958,232,232
2023-02-18,936723,746,746
2024-05-11,658341,466,466
2023-02-11,969349,215,215
2022-05-12,205923,125,125
2022-01-06,262013,810,810
2022-09-01,293939,109,109
2022-08-17,732913,340,340
2024-07-28,478486,492,492
2022-04-19,123419,763,763
2023-05-30,495896,826,826
2022-10-23,568882,585,585
2022-01-26,294869,949,949
2024-05-05,469613,894,894
2024-02-09,310034,287,287
2023-03-22,354864,66,66
2022-06-22,687888,63,63
2022-03-27,704491,328,328
2024-01-22,954429,369,369
2022-10-26,690495,959,959
2022-03-15,953092,751,751
2023-01-11,200659,155,155
2022-09-24,700391,367,367
2024-11-11,690861,656,656
2024-09-17,472716,966,966
2023-01-31,780132,902,902
2024-04-05,598283,422,422
2023-01-24,147007,894,894
2023-11-21,770551,715,727
2022-05-04,115068,245,245
2024-11-24,234328,300,308
2022-06-10,272473,216,216
2023-12-28,755808,425,425
2023-05-26,504920,788,788
2022-04-21,204354,20,20
2022-07-05,194308,255,266
2023-11-02,295711,291,291
2023-04-25,295677,972,972
2024-07-15,269863,91,91
2024-12-19,142044,573,573
2024-11-28,806847,170,170
2022-04-20,105242,346,346
2024-11-24,352497,665,665
2023-02-16,857773,186,186
2023-01-28,319881,763,763
2024-08-23,245920,959,959
2024-04-06,857828,434,434
2023-11-10,545753,869,869
2023-09-07,871950,899,899
2023-10-11,969349,215,215
2024-05-31,204354,20,20
2024-12-01,877922,262,262
2022-02-07,796576,706,706
2023-03-27,257075,844,844
2022-02-03,958326,511,511
2023-09-27,586507,951,951
2023-06-09,504971,325,325
2024-04-24,295634,31,31
2023-04-03,123419,763,763
2022-07-14,286592,772,772
2022-05-13,812169,901,901
2023-07-01,900838,994,994
2024-03-13,343445,656,656
2023-06-30,493653,705,705
2024-09-17,411177,117,117
2022-03-20,663902,273,273
2022-12-07,432010,64,64
2022-02-27,164756,192,192
2024-12-10,251622,553,553
2023-08-12,812496,343,343
2023-12-05,621406,65,65
2023-12-07,596864,205,205
2022-07-04,833109,447,447
2023-01-12,255596,377,377
2023-03-21,193500,172,172
2024-06-09,136260,965,965
2024-03-13,882571,771,771
2024-09-07,148157,928,928
2023-09-30,313325,458,458
2023-12-25,226389,428,428
2024-11-19,400443,941,941
2023-10-03,599808,27,27
2024-05-16,979944,980,980
2024-04-25,839977,820,820
2024-03-17,656432,361,361
2022-08-12,465746,157,157
2023-03-03,721043,435,435
2024-09-28,704491,328,328
2024-07-06,699969,869,869
2023-08-09,664308,371,371
2024-02-14,802044,577,577
2024-11-15,992558,217,217
2022-08-18,534059,575,575
2023-01-13,347756,188,188
2023-04-09,746562,774,774
2022-02-22,786735,139,139
2024-07-10,685718,523,523
2024-03-25,662233,669,669
2022-02-10,858316,527,527
2024-10-31,361809,88,88
2024-05-14,649305,602,602
2022-10-17,764263,69,69
2022-08-03,311135,866,866
2024-06-13,542654,477,477
2022-11-23,776159,690,690
2024-04-18,293290,289,289
2023-10-22,782385,896,896
2022-01-12,799601,662,662
2022-11-23,737107,593,593
2024-07-10,996227,317,317
2024-01-17,802436,845,845
2022-07-13,581829,967,967
2022-03-21,882571,771,771
2022-03-19,452646,469,469
2023-12-17,267900,888,888
2023-10-29,286440,960,960
2022-10-11,197637,128,128
2022-04-02,743491,329,329
2023-08-25,873429,476,476
2023-05-02,100820,432,432
2023-03-15,269863,91,91
2024-01-28,657804,514,514
2022-07-22,218541,236,236
2023-02-24,838349,265,265
2024-04-04,542654,477,477
2024-08-19,786735,139,139
2024-07-29,654295,388,388
2024-04-10,989199,795,795
2023-08-13,685718,523,523
2024-10-20,299666,162,162
2022-12-29,164350,435,435
2024-04-24,980428,775,775
2024-09-03,862405,777,777
2022-06-08,171553,477,477
2023-12-05,375257,107,107
2023-09-19,700041,326,326
2023-09-19,785307,943,943
2024-12-10,724497,751,751
2022-10-22,519162,371,371
2022-06-30,799601,662,659
2022-05-27,875670,224,224
2024-01-20,185283,335,335
2023-02-19,378154,414,414
2023-08-15,612527,468,468
2023-09-27,924997,224,224
2022-04-09,421354,75,75
2023-02-01,890138,475,475
2024-08-05,814300,923,923
2024-01-24,202739,934,934
2024-10-16,312234,404,404
2023-01-05,105386,913,913
2024-08-19,582530,672,672
2022-04-26,650911,414,409
2024-03-27,634010,330,330
2023-06-28,419267,776,802
2022-10-17,793580,679,679
2022-06-07,645680,968,942
2022-09-07,309719,275,276
2024-12-11,495444,776,776
2024-07-30,278835,453,453
2024-12-25,100820,432,432
2024-12-25,325823,246,246
2024-08-05,545753,869,869
2022-02-26,225504,529,529
2024-02-08,784784,288,288
2023-09-14,949599,511,511
2023-11-07,735907,153,153
2024-01-28,564312,734,734
2024-01-05,298919,855,855
2024-02-16,233069,472,472
2023-10-06,113555,145,145
2023-09-29,173198,430,430
2024-07-23,187536,752,752
2024-02-24,313325,458,458
2023-11-30,548275,707,707
2023-09-08,190312,63,63
2022-11-13,932317,458,458
2024-11-01,416170,214,204
2023-10-10,958326,511,511
2022-01-23,565040,969,969
