supplier_id,delivery_note_id,product_id,product_name,system_qty,product_cost,product_price,product_carton_volume_cbm
SUP083,927574,982201,Product_0,205,168.96,256.35,0.27
SUP093,481166,313325,Product_1,458,267.85,550.82,0.13
SUP060,720611,873287,Product_2,679,127.21,315.71,1.02
SUP018,150380,282826,Product_3,315,447.57,276.23,0.18
SUP077,564957,262013,Product_4,810,419.06,31.65,0.25
SUP026,480389,360235,Product_5,35,144.36,300.02,0.88
SUP055,750526,117306,Product_6,743,170.63,371.61,0.78
SUP025,241384,145826,Product_7,825,300.78,564.75,0.91
SUP080,893640,547063,Product_8,247,194.38,175.93,0.49
SUP020,857938,367080,Product_9,403,11.19,429.75,1.45
SUP055,792826,510342,Product_10,341,320.22,554.19,0.26
SUP087,957352,683414,Product_11,111,10.45,182.36,0.41
SUP013,677956,766627,Product_12,499,143.57,166.47,0.4
SUP078,898794,946470,Product_13,29,239.53,450.58,1.01
SUP014,460375,255596,Product_14,377,391.38,572.2,1.14
SUP085,470326,949310,Product_15,567,108.27,481.45,0.45
SUP009,182922,931448,Product_16,769,322.56,56.57,1.17
SUP087,847720,314209,Product_17,355,116.1,236.36,0.39
SUP056,526192,322995,Product_18,995,208.12,541.85,1.12
SUP049,246273,186200,Product_19,829,435.62,636.28,1.16
SUP023,663460,480345,Product_20,227,412.18,481.92,1.42
SUP009,454257,419903,Product_21,660,26.15,197.97,0.21
SUP090,657436,497229,Product_22,88,466.18,300.58,0.56
SUP066,461398,969554,Product_23,461,414.13,539.04,0.28
SUP070,518894,195420,Product_24,37,179.03,581.92,1.41
SUP052,504276,970236,Product_25,890,170.58,415.07,1.12
SUP004,746789,345528,Product_26,712,189.36,559.04,1.26
SUP061,340927,200202,Product_27,979,339.79,94.92,1.2
SUP068,349274,830829,Product_28,676,92.98,465.34,0.16
SUP004,664668,888826,Product_29,365,75.5,382.32,0.07
SUP093,593628,987868,Product_30,349,239.35,467.61,1.23
SUP056,834349,650911,Product_31,414,56.96,556.1,1.37
SUP038,689021,708534,Product_32,735,348.74,610.49,0.76
SUP034,290566,740835,Product_33,441,318.86,494.01,0.56
SUP030,292762,266687,Product_34,493,365.94,66.86,0.84
SUP048,109943,203576,Product_35,943,24.5,229.52,1.07
SUP026,194265,803686,Product_36,49,374.49,88.19,1.27
SUP098,173083,391536,Product_37,694,331.27,329.91,0.14
SUP068,232105,612969,Product_38,802,393.52,627.31,0.67
SUP030,619756,979944,Product_39,980,216.63,287.42,0.56
SUP033,359905,403034,Product_40,784,440.02,212.5,0.56
SUP059,729542,542632,Product_41,917,242.65,591.67,0.38
SUP051,166990,384532,Product_42,999,383.23,84.87,0.88
SUP090,753466,458873,Product_43,68,363.48,134.62,1.03
SUP020,567070,790966,Product_44,36,75.82,453.66,0.94
SUP017,223733,147007,Product_45,894,279.77,103.78,0.43
SUP035,815850,537140,Product_46,246,497.27,363.31,1.09
SUP078,510773,706256,Product_47,546,255.49,469.93,0.67
SUP034,788654,212460,Product_48,276,436.91,356.44,0.49
SUP053,689626,448084,Product_49,285,215.89,194.83,0.45
SUP059,829497,987028,Product_50,245,397.9,591.94,1.0
SUP065,293000,808866,Product_51,371,228.28,180.85,0.91
SUP093,755994,422640,Product_52,509,216.73,363.23,0.38
SUP065,585813,915586,Product_53,863,67.24,536.26,1.21
SUP054,970216,165567,Product_54,97,196.15,200.7,1.02
SUP005,324271,803548,Product_55,352,499.81,24.99,0.7
SUP053,356203,767135,Product_56,908,426.14,478.08,0.26
SUP090,955671,676300,Product_57,29,442.87,106.63,1.38
SUP001,748140,973013,Product_58,670,354.41,286.21,1.17
SUP090,608761,177366,Product_59,167,127.61,392.32,0.67
SUP064,994400,963044,Product_60,413,344.47,367.89,0.98
SUP071,469302,266059,Product_61,177,425.12,260.84,0.68
SUP031,422649,897417,Product_62,408,446.44,159.69,0.55
SUP065,641126,853820,Product_63,829,439.99,322.06,1.3
SUP084,787567,530115,Product_64,907,361.37,145.91,1.24
SUP009,715428,452776,Product_65,676,231.18,82.93,0.16
SUP036,552724,492320,Product_66,248,359.24,166.4,1.35
SUP078,752214,328704,Product_67,785,123.24,338.83,0.32
SUP089,265105,452646,Product_68,469,298.82,84.56,0.78
SUP068,230814,535525,Product_69,372,325.27,281.05,1.19
SUP021,648807,859651,Product_70,211,300.69,50.03,0.52
SUP030,159511,423683,Product_71,830,190.24,172.79,0.34
SUP050,762195,282771,Product_72,748,174.74,91.37,0.5
SUP037,479462,635483,Product_73,847,321.16,103.87,1.31
SUP000,371038,333270,Product_74,535,216.87,68.53,0.96
SUP022,141405,688849,Product_75,295,230.75,11.83,0.05
SUP088,653657,214869,Product_76,158,344.5,568.51,1.04
SUP096,237497,675148,Product_77,578,52.31,262.78,0.56
SUP085,444555,370562,Product_78,855,221.01,24.6,0.58
SUP030,647404,381821,Product_79,971,316.46,381.92,0.46
SUP067,466825,286229,Product_80,527,474.25,379.05,0.82
SUP026,697650,746562,Product_81,774,488.02,264.05,0.63
SUP020,225510,792239,Product_82,127,114.82,402.25,0.88
SUP062,533143,424805,Product_83,296,273.83,61.92,1.42
SUP075,163908,626456,Product_84,588,46.71,165.04,0.45
SUP026,686389,831354,Product_85,720,375.16,554.56,1.42
SUP066,802626,754441,Product_86,139,352.27,451.57,0.86
SUP084,270090,996481,Product_87,100,320.19,565.42,1.22
SUP047,352443,218792,Product_88,760,448.84,264.89,0.71
SUP083,695532,980428,Product_89,775,143.96,73.01,0.31
SUP057,846669,418774,Product_90,506,358.93,484.42,0.67
SUP002,804661,194308,Product_91,255,239.61,225.04,1.4
SUP031,378093,158212,Product_92,31,331.99,327.11,0.76
SUP098,664812,679022,Product_93,900,312.55,130.78,0.87
SUP020,550651,317997,Product_94,594,318.0,433.13,0.51
SUP088,349393,234747,Product_95,390,272.91,452.16,0.12
SUP052,562302,680105,Product_96,387,463.83,437.41,0.14
SUP093,520927,808848,Product_97,233,322.77,318.12,0.28
SUP020,202932,169336,Product_98,897,461.24,193.46,1.24
SUP001,151508,125091,Product_99,291,190.96,517.2,1.41
SUP031,328071,395238,Product_100,93,16.32,382.75,0.82
SUP009,345786,450479,Product_101,53,93.66,396.47,1.02
SUP059,613112,841129,Product_102,79,400.99,135.8,0.63
SUP093,832761,293939,Product_103,109,279.84,199.18,1.12
SUP079,215964,610235,Product_104,556,367.7,451.66,0.4
SUP090,427397,568259,Product_105,789,125.93,557.95,0.1
SUP001,697071,893771,Product_106,332,454.92,161.45,0.16
SUP082,841634,108716,Product_107,321,400.41,117.98,0.28
SUP065,264976,409626,Product_108,565,140.78,542.52,0.65
SUP095,185951,608301,Product_109,713,291.76,64.42,0.94
SUP019,364766,290750,Product_110,607,53.71,520.17,0.88
SUP078,902296,295711,Product_111,291,15.0,279.05,0.16
SUP015,829576,310034,Product_112,287,172.81,136.98,1.4
SUP050,140437,539633,Product_113,158,411.11,538.13,1.39
SUP095,834303,272318,Product_114,680,197.44,445.64,0.57
SUP019,781859,372197,Product_115,499,317.54,402.76,0.34
SUP072,851749,470894,Product_116,121,458.55,197.28,1.23
SUP068,723910,399283,Product_117,817,300.85,458.04,0.14
SUP081,970892,465996,Product_118,768,429.28,239.87,1.17
SUP068,105345,475851,Product_119,913,358.76,115.9,0.38
SUP049,400711,210772,Product_120,593,326.38,393.58,0.52
SUP026,352445,562012,Product_121,834,267.19,336.07,0.55
SUP072,493678,808175,Product_122,41,72.79,48.01,1.42
SUP028,269689,469375,Product_123,539,138.67,107.38,0.47
SUP057,551218,202337,Product_124,592,86.23,327.77,1.34
SUP041,646173,732913,Product_125,340,204.91,226.61,1.42
SUP092,163624,221001,Product_126,204,477.21,623.94,1.22
SUP031,701608,209915,Product_127,305,484.75,201.19,1.22
SUP060,509786,336238,Product_128,776,478.68,585.87,0.48
SUP064,221791,135897,Product_129,257,133.51,294.53,0.96
SUP030,493065,317805,Product_130,523,397.39,343.49,0.11
SUP045,565096,197927,Product_131,682,352.17,626.61,0.17
SUP047,199815,746222,Product_132,370,325.27,287.23,0.28
SUP084,503274,662233,Product_133,669,437.48,438.37,0.54
SUP067,985714,720125,Product_134,309,12.23,403.2,0.92
SUP072,359811,521911,Product_135,970,360.86,24.26,0.57
SUP004,353233,546962,Product_136,844,13.3,442.63,1.39
SUP039,547271,169493,Product_137,892,400.97,230.11,0.54
SUP085,233986,597052,Product_138,189,436.54,134.22,0.49
SUP093,440083,466956,Product_139,589,200.9,647.45,0.37
SUP080,594187,552123,Product_140,363,319.39,364.69,0.84
SUP081,760454,823071,Product_141,276,353.02,372.53,1.39
SUP026,870497,778840,Product_142,708,357.13,275.66,0.86
SUP086,445548,235956,Product_143,939,467.17,462.78,1.47
SUP030,788175,360743,Product_144,297,145.68,460.25,1.45
SUP033,139281,984115,Product_145,686,239.56,294.25,0.06
SUP000,659081,753545,Product_146,371,256.7,624.48,0.95
SUP026,775667,912583,Product_147,453,280.15,192.26,1.31
SUP003,252000,111708,Product_148,869,142.31,158.62,0.17
SUP020,247941,491706,Product_149,526,213.83,464.71,0.72
SUP036,597240,634921,Product_150,819,484.99,135.65,0.21
SUP005,104257,395345,Product_151,249,344.66,522.99,1.4
SUP017,476214,482540,Product_152,144,353.32,517.52,0.43
SUP067,319529,259331,Product_153,595,12.37,110.3,0.31
SUP038,692013,268274,Product_154,22,7.42,466.31,1.04
SUP009,264245,207196,Product_155,150,320.24,7.49,0.65
SUP054,265732,231832,Product_156,720,37.36,122.23,0.17
SUP019,465510,465152,Product_157,572,238.58,532.76,0.72
SUP050,217830,563206,Product_158,393,38.64,456.82,0.46
SUP098,704655,153282,Product_159,422,38.71,594.02,1.13
SUP053,520355,260490,Product_160,441,397.82,589.32,0.98
SUP085,579137,944462,Product_161,676,464.46,134.14,1.0
SUP079,819329,557261,Product_162,890,345.38,546.16,1.49
SUP091,321252,854147,Product_163,918,320.48,438.45,0.25
SUP065,659648,490601,Product_164,978,396.61,237.32,0.89
SUP075,379395,157667,Product_165,854,27.53,20.53,0.32
SUP030,249236,791453,Product_166,949,449.94,272.34,1.01
SUP067,950622,817744,Product_167,117,481.12,435.5,0.59
SUP064,767573,884960,Product_168,772,207.91,42.05,1.48
SUP033,391920,431346,Product_169,88,162.17,506.58,0.2
SUP074,724567,419267,Product_170,776,331.62,385.81,1.13
SUP069,196044,910818,Product_171,732,475.56,341.86,1.33
SUP075,640662,552703,Product_172,134,224.38,509.43,0.8
SUP089,774664,325823,Product_173,246,163.27,199.57,1.28
SUP006,113003,776159,Product_174,690,110.18,622.97,1.12
SUP079,771229,875670,Product_175,224,153.63,613.28,1.39
SUP077,568165,545852,Product_176,596,460.21,236.84,0.94
SUP045,772117,429685,Product_177,857,317.65,582.1,0.89
SUP033,544980,586634,Product_178,397,135.99,492.63,0.28
SUP049,746052,787587,Product_179,855,166.55,73.92,0.22
SUP005,277344,519499,Product_180,216,152.66,592.74,0.59
SUP085,238068,220011,Product_181,252,84.8,335.13,0.66
SUP055,125085,427093,Product_182,59,498.63,363.22,0.41
SUP081,728516,931254,Product_183,240,344.73,43.37,1.41
SUP065,674926,414457,Product_184,395,141.22,445.33,0.22
SUP086,748400,645351,Product_185,464,203.88,242.29,0.36
SUP099,665442,173408,Product_186,201,48.23,495.17,1.4
SUP007,571393,870859,Product_187,802,139.41,87.5,0.54
SUP036,947103,690861,Product_188,656,238.19,188.28,0.07
SUP004,693772,574628,Product_189,807,231.94,440.16,1.11
SUP005,410155,321141,Product_190,525,350.93,545.46,0.63
SUP020,895747,364638,Product_191,990,262.01,422.28,1.49
SUP024,313633,291051,Product_192,510,335.52,215.72,0.38
SUP073,234473,393806,Product_193,195,278.87,447.38,0.63
SUP092,575434,110199,Product_194,618,459.98,273.29,1.44
SUP010,353574,643572,Product_195,100,335.9,494.89,0.17
SUP043,170560,799601,Product_196,662,465.02,116.42,0.38
SUP072,578264,327678,Product_197,236,131.6,477.96,1.02
SUP005,475669,413495,Product_198,526,482.58,588.94,1.05
SUP035,313284,540579,Product_199,507,444.78,297.34,1.49
SUP008,470652,655629,Product_200,416,92.66,228.47,1.12
SUP065,672884,737107,Product_201,593,260.64,83.65,1.0
SUP008,114617,765440,Product_202,714,170.56,123.49,0.73
SUP034,741580,413053,Product_203,672,394.22,516.71,1.31
SUP009,256745,930403,Product_204,876,131.41,54.07,1.06
SUP068,145471,476035,Product_205,729,333.31,93.25,0.68
SUP083,588464,301883,Product_206,772,90.92,414.8,0.48
SUP082,183156,411177,Product_207,117,105.04,98.6,0.82
SUP013,738673,853672,Product_208,669,74.88,634.97,1.39
SUP027,310583,332104,Product_209,727,424.8,588.49,1.34
SUP006,822055,372529,Product_210,305,325.76,304.37,0.53
SUP081,464792,891288,Product_211,460,479.82,517.07,0.12
SUP041,847616,193500,Product_212,172,463.8,518.69,0.07
SUP079,566811,934703,Product_213,292,355.99,519.86,0.79
SUP091,733908,922686,Product_214,245,260.64,539.09,0.35
SUP024,129615,504971,Product_215,325,471.24,548.06,0.2
SUP060,231661,266952,Product_216,116,426.24,197.72,1.06
SUP024,855526,861337,Product_217,538,16.49,28.24,1.4
SUP045,879848,763224,Product_218,592,190.86,386.99,0.26
SUP078,416856,115068,Product_219,245,409.33,199.85,0.64
SUP040,931506,296533,Product_220,81,441.89,126.61,1.05
SUP048,599235,585925,Product_221,190,95.53,595.27,1.35
SUP025,821977,504920,Product_222,788,360.18,25.23,1.5
SUP099,749848,351753,Product_223,823,292.41,103.04,0.32
SUP067,606551,136260,Product_224,965,70.64,538.15,1.41
SUP037,559525,811385,Product_225,351,161.09,25.59,0.46
SUP044,218175,432010,Product_226,64,454.05,44.58,0.07
SUP084,502297,204354,Product_227,20,420.57,111.86,1.35
SUP063,315921,576263,Product_228,314,37.48,500.05,1.07
SUP035,721204,133805,Product_229,70,380.61,470.57,0.26
SUP075,391635,400921,Product_230,582,14.98,532.22,0.74
SUP046,266518,657804,Product_231,514,76.86,196.73,1.21
SUP031,970306,561191,Product_232,916,107.12,115.86,1.11
SUP059,348718,924970,Product_233,829,136.05,490.08,0.43
SUP041,989833,954777,Product_234,76,219.33,39.28,0.84
SUP094,652845,397179,Product_235,128,386.72,229.45,1.24
SUP014,114762,453351,Product_236,44,337.8,603.26,1.4
SUP002,702863,868688,Product_237,681,273.71,34.56,0.17
SUP021,921788,251652,Product_238,457,309.48,79.37,0.66
SUP019,493628,150615,Product_239,221,485.69,642.37,0.49
SUP082,867972,515011,Product_240,582,300.4,643.57,0.72
SUP021,338152,421354,Product_241,75,374.69,431.63,0.09
SUP014,868966,752850,Product_242,222,144.08,28.25,0.11
SUP090,199631,766632,Product_243,616,122.27,362.55,0.28
SUP065,863915,686853,Product_244,565,345.16,193.72,0.3
SUP031,167451,935514,Product_245,388,52.92,368.93,0.45
SUP052,308083,224061,Product_246,278,35.78,598.31,0.49
SUP009,789960,375257,Product_247,107,411.78,377.53,0.69
SUP081,470963,935509,Product_248,593,480.22,380.65,1.25
SUP075,649300,979300,Product_249,937,171.19,534.47,0.17
SUP066,820312,828370,Product_250,33,302.42,115.73,0.35
SUP037,453905,784423,Product_251,975,278.03,545.48,1.31
SUP014,673204,721043,Product_252,435,322.23,95.09,1.2
SUP005,361823,121512,Product_253,912,478.32,115.59,1.48
SUP092,759907,598283,Product_254,422,347.82,68.66,0.61
SUP076,151507,190134,Product_255,394,173.6,213.71,1.17
SUP010,501428,279775,Product_256,425,239.95,480.12,1.28
SUP047,672468,431677,Product_257,770,332.56,397.44,0.86
SUP057,872110,719004,Product_258,883,133.24,426.47,0.38
SUP072,685118,477194,Product_259,104,369.84,546.14,1.14
SUP042,704962,537797,Product_260,398,280.68,529.84,0.58
SUP035,398613,586820,Product_261,295,62.24,241.27,0.63
SUP021,284895,687888,Product_262,63,51.0,638.9,1.46
SUP024,370435,543372,Product_263,592,265.52,62.57,0.62
SUP016,999863,850446,Product_264,282,349.26,382.73,0.38
SUP012,167610,782385,Product_265,896,82.6,33.03,0.69
SUP013,460280,921117,Product_266,909,327.76,205.41,0.55
SUP093,755107,107295,Product_267,749,418.14,91.5,0.56
SUP041,389266,839940,Product_268,631,128.26,502.99,1.22
SUP090,893646,832819,Product_269,331,393.19,402.07,0.21
SUP002,606895,914643,Product_270,644,304.16,98.69,0.08
SUP033,474306,295634,Product_271,31,39.03,149.59,0.3
SUP037,545964,209334,Product_272,642,237.72,533.05,0.89
SUP098,386953,536365,Product_273,935,461.91,603.89,1.07
SUP092,411105,566472,Product_274,254,247.48,589.24,0.97
SUP029,640036,703168,Product_275,842,377.87,193.55,0.51
SUP043,209047,333244,Product_276,746,210.21,203.57,1.15
SUP041,720491,975445,Product_277,144,317.82,240.46,0.22
SUP078,202246,568882,Product_278,585,476.22,498.33,0.72
SUP045,287088,251472,Product_279,956,157.62,314.75,1.28
SUP021,600345,545670,Product_280,152,437.5,118.22,0.81
SUP039,924821,405382,Product_281,980,396.43,433.15,1.42
SUP007,282425,938009,Product_282,747,201.88,243.31,0.85
SUP058,562348,802044,Product_283,577,416.38,9.7,0.47
SUP027,603533,963990,Product_284,130,316.43,506.52,1.05
SUP095,522733,347756,Product_285,188,119.26,614.29,0.37
SUP025,739502,103523,Product_286,212,83.75,282.86,1.3
SUP042,610523,273364,Product_287,919,90.42,230.24,0.47
SUP065,993453,814300,Product_288,923,251.11,192.8,0.95
SUP078,120106,649807,Product_289,476,178.99,631.42,1.22
SUP085,224838,855655,Product_290,40,497.7,212.03,1.09
SUP094,746042,234470,Product_291,824,348.28,327.71,0.36
SUP049,693727,795085,Product_292,724,82.55,307.89,0.88
SUP064,324600,140557,Product_293,746,332.08,516.69,0.47
SUP033,952033,200959,Product_294,900,262.46,315.79,1.12
SUP005,585446,257530,Product_295,979,333.3,503.12,0.38
SUP063,226864,499708,Product_296,589,453.52,487.04,0.49
SUP037,902707,400443,Product_297,941,33.12,131.43,0.9
SUP035,828123,104713,Product_298,526,326.44,132.05,1.41
SUP043,216451,675162,Product_299,383,473.93,283.09,0.39
SUP030,118709,584653,Product_300,622,7.84,106.43,1.25
SUP094,249745,261489,Product_301,366,390.59,564.22,1.1
SUP035,738295,472851,Product_302,96,423.02,357.91,0.51
SUP036,248021,810607,Product_303,651,271.32,539.07,0.36
SUP031,229788,352497,Product_304,665,228.97,459.29,1.37
SUP007,722456,603792,Product_305,447,363.92,314.98,0.66
SUP073,251772,624784,Product_306,417,305.21,234.59,1.4
SUP084,186611,495196,Product_307,733,452.16,223.42,0.12
SUP052,703423,782568,Product_308,866,267.78,84.72,0.76
SUP074,393473,185283,Product_309,335,378.11,6.52,0.17
SUP049,811841,837161,Product_310,538,489.55,414.73,0.48
SUP067,573422,424781,Product_311,626,226.43,48.88,0.37
SUP093,334323,397623,Product_312,271,153.82,433.67,0.37
SUP077,616114,786296,Product_313,207,301.29,41.14,0.27
SUP076,710414,781158,Product_314,750,275.83,503.96,0.09
SUP037,702461,560988,Product_315,543,236.57,319.71,0.38
SUP006,678871,771562,Product_316,881,49.9,489.13,0.41
SUP085,748553,454184,Product_317,808,190.8,289.75,0.89
SUP072,678302,254496,Product_318,803,115.16,332.76,0.28
SUP006,700430,946171,Product_319,552,409.79,117.65,0.69
SUP023,405599,876999,Product_320,886,394.77,9.18,0.06
SUP094,337307,437170,Product_321,229,240.34,14.13,0.89
SUP039,326756,456962,Product_322,107,201.78,424.09,0.46
SUP056,815185,788570,Product_323,301,200.97,601.78,0.47
SUP063,315345,202739,Product_324,934,489.7,127.91,0.97
SUP018,782333,659964,Product_325,993,303.15,599.98,1.45
SUP040,442421,649305,Product_326,602,240.74,329.35,0.64
SUP037,432448,786735,Product_327,139,435.3,513.25,0.31
SUP076,823340,588274,Product_328,871,74.19,455.38,0.84
SUP089,196779,134605,Product_329,532,35.5,126.38,0.2
SUP099,220050,162930,Product_330,998,109.26,203.22,0.7
SUP063,638940,846480,Product_331,176,203.14,83.75,0.28
SUP011,538407,427550,Product_332,260,108.92,400.96,0.31
SUP073,994860,611471,Product_333,932,214.62,345.99,1.31
SUP048,146458,992558,Product_334,217,138.87,152.57,1.39
SUP034,243110,203294,Product_335,871,82.13,64.31,0.82
SUP030,326904,802813,Product_336,382,167.19,224.9,0.84
SUP080,463434,113555,Product_337,145,256.07,642.38,1.47
SUP054,687436,875411,Product_338,210,80.88,154.35,0.51
SUP077,809941,712933,Product_339,165,194.35,124.4,0.18
SUP092,689596,252823,Product_340,984,359.38,304.78,1.26
SUP007,194280,704491,Product_341,328,81.13,341.08,1.35
SUP017,997198,112721,Product_342,360,451.52,394.39,1.09
SUP001,384933,112302,Product_343,466,459.25,418.12,0.36
SUP024,247212,167212,Product_344,951,100.47,468.64,1.35
SUP076,514400,824234,Product_345,46,138.23,398.63,1.42
SUP025,188704,837619,Product_346,81,283.75,215.08,1.26
SUP074,616161,174257,Product_347,53,193.45,305.35,0.69
SUP012,882842,573881,Product_348,414,382.13,637.66,1.19
SUP074,200156,166195,Product_349,688,95.49,310.69,1.01
SUP031,854918,380941,Product_350,543,286.56,469.11,1.04
SUP021,651304,362977,Product_351,267,72.21,648.79,1.3
SUP004,809220,267900,Product_352,888,41.57,149.76,0.67
SUP012,102086,171063,Product_353,235,464.16,232.71,0.68
SUP040,354701,839742,Product_354,44,478.95,19.39,0.95
SUP094,607069,550204,Product_355,408,142.95,522.95,1.41
SUP097,960743,857773,Product_356,186,423.74,502.71,1.48
SUP048,568908,733561,Product_357,223,67.93,65.81,0.68
SUP027,191666,866844,Product_358,473,106.77,198.96,1.35
SUP092,218907,164756,Product_359,192,116.54,228.83,0.39
SUP042,568127,859028,Product_360,129,118.91,475.56,1.38
SUP046,237500,544222,Product_361,517,215.41,567.08,0.47
SUP090,358259,286440,Product_362,960,148.3,152.99,0.86
SUP039,883193,895998,Product_363,205,304.96,632.44,0.13
SUP022,760510,297531,Product_364,252,178.12,485.72,1.38
SUP097,239370,740702,Product_365,55,422.72,611.25,1.39
SUP052,694857,987255,Product_366,947,374.15,317.69,0.31
SUP043,138620,298919,Product_367,855,286.37,74.47,0.89
SUP001,930750,197637,Product_368,128,30.04,498.32,1.4
SUP063,966259,828745,Product_369,772,9.05,520.51,0.65
SUP063,959235,204945,Product_370,169,21.97,453.06,0.09
SUP086,213613,981646,Product_371,983,472.83,138.75,0.64
SUP007,108731,551877,Product_372,432,226.09,75.87,0.71
SUP076,913648,742719,Product_373,748,244.84,508.63,0.91
SUP035,594050,251622,Product_374,553,159.45,460.63,0.06
SUP035,635263,527217,Product_375,996,48.85,415.91,0.11
SUP092,995600,530915,Product_376,427,281.48,263.17,1.26
SUP022,994084,220084,Product_377,234,451.09,265.65,0.85
SUP038,319274,903363,Product_378,827,406.3,85.36,0.79
SUP049,446881,159727,Product_379,496,402.38,488.3,1.5
SUP071,461566,943956,Product_380,928,152.97,582.55,1.21
SUP007,515556,838349,Product_381,265,477.0,647.32,0.74
SUP091,884720,472716,Product_382,966,6.88,76.06,0.95
SUP084,193920,770551,Product_383,715,370.79,46.64,0.33
SUP073,209518,894302,Product_384,572,483.77,129.27,0.27
SUP045,718995,266558,Product_385,275,404.19,214.88,0.27
SUP082,114889,428326,Product_386,940,388.08,515.73,0.9
SUP009,433298,225504,Product_387,529,237.62,93.28,0.45
SUP033,264557,622709,Product_388,201,115.75,586.7,1.12
SUP070,127159,420100,Product_389,658,244.01,445.74,0.79
SUP028,183560,989199,Product_390,795,158.92,644.82,1.23
SUP097,396977,629289,Product_391,84,197.34,203.34,1.42
SUP069,221840,752082,Product_392,189,374.87,63.68,0.26
SUP015,452573,430556,Product_393,435,265.66,314.77,0.85
SUP097,254751,738343,Product_394,240,145.45,438.25,0.44
SUP067,178814,288308,Product_395,809,237.24,52.53,0.93
SUP067,557270,164350,Product_396,435,281.78,156.03,0.82
SUP040,197481,996227,Product_397,317,439.81,200.97,0.95
SUP046,845593,406361,Product_398,663,16.9,32.46,1.36
SUP000,692444,523458,Product_399,318,432.28,203.17,1.45
SUP005,626809,125161,Product_400,930,60.36,370.51,0.91
SUP026,483307,767630,Product_401,632,119.78,51.25,0.98
SUP093,895947,215336,Product_402,355,95.15,485.29,0.06
SUP065,636259,814850,Product_403,128,30.35,566.47,1.16
SUP012,394438,173474,Product_404,523,386.26,114.43,0.92
SUP042,894115,822210,Product_405,981,396.84,17.11,0.38
SUP077,454226,716382,Product_406,492,224.72,301.42,1.02
SUP092,589951,439449,Product_407,514,335.12,239.13,1.3
SUP020,663921,654295,Product_408,388,363.1,292.88,1.26
SUP006,953454,294869,Product_409,949,248.48,371.55,0.68
SUP029,238370,135686,Product_410,205,101.04,111.67,0.61
SUP070,267967,233069,Product_411,472,245.81,204.51,0.12
SUP072,249284,206921,Product_412,845,345.05,83.05,0.12
SUP050,689035,260405,Product_413,114,235.67,461.45,1.0
SUP078,511263,583015,Product_414,439,6.86,468.13,1.2
SUP077,317807,658341,Product_415,466,127.03,289.76,0.34
SUP032,758690,325923,Product_416,41,185.17,375.56,1.04
SUP019,949567,612527,Product_417,468,423.08,319.13,0.96
SUP080,249986,447400,Product_418,331,145.78,643.53,0.08
SUP060,414552,250464,Product_419,120,95.2,144.42,0.24
SUP078,712629,495896,Product_420,826,275.04,84.92,1.24
SUP021,406655,945808,Product_421,472,402.61,64.86,0.92
SUP071,915028,187536,Product_422,752,312.34,434.17,0.13
SUP011,293156,755808,Product_423,425,35.7,514.97,0.52
SUP003,416742,969709,Product_424,206,195.99,289.89,1.41
SUP005,965642,699969,Product_425,869,352.06,32.73,0.59
SUP059,427553,758773,Product_426,356,326.58,390.44,1.04
SUP088,568046,295677,Product_427,972,269.74,554.9,0.5
SUP016,632699,882386,Product_428,250,36.65,417.29,1.09
SUP060,408259,790293,Product_429,972,445.79,585.36,1.25
SUP062,207372,401316,Product_430,272,368.96,464.8,0.58
SUP093,294995,780132,Product_431,902,290.31,151.8,0.3
SUP073,232483,634010,Product_432,330,100.02,78.15,0.71
SUP059,962271,815349,Product_433,997,404.9,268.47,0.43
SUP092,919117,120686,Product_434,298,116.93,61.61,0.87
SUP012,202547,849747,Product_435,266,341.42,36.33,1.41
SUP067,126775,596104,Product_436,522,352.46,399.14,0.85
SUP011,326868,585758,Product_437,378,29.27,625.12,0.22
SUP009,220495,185133,Product_438,38,428.94,360.24,0.44
SUP049,713505,468928,Product_439,558,183.58,292.26,1.46
SUP060,671412,948849,Product_440,958,402.44,352.18,0.54
SUP094,844714,949599,Product_441,511,115.93,519.2,1.12
SUP096,220481,977674,Product_442,809,194.31,581.51,0.58
SUP099,891077,925426,Product_443,887,5.82,380.38,1.19
SUP047,106600,835299,Product_444,510,186.74,107.44,0.23
SUP071,262359,105386,Product_445,913,161.24,558.86,1.25
SUP013,852125,611588,Product_446,359,405.11,424.94,1.36
SUP087,404094,851805,Product_447,857,152.01,521.48,1.31
SUP048,202466,932317,Product_448,458,490.17,414.23,0.06
SUP023,913637,173215,Product_449,256,75.38,121.06,0.68
SUP062,265639,470428,Product_450,204,366.78,240.13,0.2
SUP032,137193,551571,Product_451,564,43.08,559.43,0.16
SUP084,158981,918625,Product_452,48,189.63,487.09,0.78
SUP053,608135,580640,Product_453,443,63.9,521.65,0.87
SUP067,225750,753811,Product_454,640,90.1,49.91,0.33
SUP069,733477,567970,Product_455,282,135.28,571.03,0.32
SUP031,649364,976864,Product_456,580,307.49,211.88,1.46
SUP040,990493,581157,Product_457,524,475.07,351.49,0.82
SUP078,509875,973301,Product_458,517,471.59,585.13,0.74
SUP048,648634,859746,Product_459,929,97.74,394.44,0.73
SUP060,186286,252350,Product_460,395,318.6,46.86,0.52
SUP076,948886,173198,Product_461,430,37.89,295.31,0.33
SUP005,972917,367929,Product_462,435,23.03,145.12,1.01
SUP083,953336,973506,Product_463,816,201.58,35.93,0.98
SUP076,912003,761340,Product_464,338,356.67,331.04,1.35
SUP070,722652,833412,Product_465,239,106.09,126.49,0.88
SUP060,722332,267562,Product_466,122,341.99,412.54,0.68
SUP053,693632,368560,Product_467,527,160.16,48.75,0.09
SUP039,515197,767154,Product_468,393,60.22,591.57,0.9
SUP086,107682,925587,Product_469,731,201.41,308.36,0.93
SUP005,354502,800393,Product_470,937,367.8,74.23,0.85
SUP008,439815,123419,Product_471,763,427.45,48.22,0.77
SUP082,178122,155245,Product_472,815,158.87,574.27,0.54
SUP079,163093,235128,Product_473,40,123.92,65.71,0.09
SUP088,864807,110895,Product_474,957,99.27,644.33,1.04
SUP020,712110,205938,Product_475,402,319.0,169.38,0.21
SUP099,752004,641570,Product_476,628,244.37,346.2,1.41
SUP071,225157,251344,Product_477,359,15.66,267.93,0.63
SUP072,615276,902777,Product_478,29,58.42,8.18,0.96
SUP068,494895,830904,Product_479,373,299.81,256.5,0.76
SUP091,580866,569958,Product_480,232,394.42,149.28,0.98
SUP016,978371,672033,Product_481,272,437.67,484.72,0.39
SUP098,793448,325883,Product_482,868,179.23,624.7,1.21
SUP091,870143,270174,Product_483,855,443.94,222.78,0.54
SUP032,938280,765525,Product_484,116,268.63,59.82,0.1
SUP094,457558,255362,Product_485,545,395.55,329.63,1.29
SUP077,216969,303948,Product_486,919,163.16,197.8,0.35
SUP011,711547,832738,Product_487,766,424.45,596.03,0.56
SUP073,443034,871950,Product_488,899,38.63,147.98,0.81
SUP054,278084,924997,Product_489,224,432.65,612.12,0.27
SUP072,672982,682838,Product_490,886,165.19,414.95,0.61
SUP086,665975,563616,Product_491,533,353.74,251.1,0.19
SUP095,756210,181354,Product_492,792,217.1,637.8,0.13
SUP055,244653,678083,Product_493,973,336.63,523.67,0.12
SUP073,945382,116846,Product_494,513,454.15,180.15,0.35
SUP058,272915,285661,Product_495,646,46.32,316.41,0.33
SUP051,927852,100820,Product_496,432,391.11,386.45,0.71
SUP085,657162,885847,Product_497,538,77.15,616.51,1.49
SUP095,560457,472358,Product_498,525,153.29,67.23,0.43
SUP034,359454,306520,Product_499,761,70.53,326.9,1.48
SUP048,556109,262941,Product_500,200,191.11,42.87,0.93
SUP002,104675,312234,Product_501,404,227.06,148.99,1.05
SUP058,461317,793580,Product_502,679,11.32,445.9,0.42
SUP038,696182,163400,Product_503,720,180.8,467.1,0.78
SUP075,904617,186766,Product_504,857,122.12,602.31,0.46
SUP051,784164,211702,Product_505,684,213.67,29.64,1.43
SUP035,673471,575031,Product_506,353,486.96,376.29,1.02
SUP053,245835,918410,Product_507,426,96.44,189.79,1.21
SUP063,194424,234328,Product_508,300,421.74,596.02,1.24
SUP032,724492,940812,Product_509,665,85.21,442.29,0.92
SUP017,146879,849554,Product_510,965,107.04,165.09,0.68
SUP061,192630,435265,Product_511,692,85.34,331.03,1.12
SUP038,688169,257075,Product_512,844,414.56,596.95,0.27
SUP098,440830,954429,Product_513,369,112.58,423.17,0.61
SUP004,877915,780239,Product_514,865,23.09,259.34,1.4
SUP073,938652,563669,Product_515,921,57.5,92.36,0.49
SUP001,327206,401537,Product_516,650,380.97,507.45,0.34
SUP047,316147,545753,Product_517,869,346.61,408.87,0.75
SUP013,538742,820291,Product_518,874,338.71,252.99,0.57
SUP095,894828,580932,Product_519,957,33.36,478.58,1.02
SUP009,666387,536149,Product_520,819,310.01,136.43,1.17
SUP022,806412,720919,Product_521,282,74.11,223.67,0.83
SUP036,908085,864680,Product_522,312,369.41,502.2,0.86
SUP008,951761,862534,Product_523,653,463.23,489.99,0.84
SUP084,762406,749189,Product_524,902,71.11,19.6,1.22
SUP033,762074,154741,Product_525,265,68.94,471.46,0.65
SUP032,454866,596864,Product_526,205,307.59,337.95,1.44
SUP048,162441,678206,Product_527,332,131.77,210.54,0.32
SUP062,530362,542654,Product_528,477,72.61,445.85,0.29
SUP039,340359,317344,Product_529,591,236.71,119.82,0.34
SUP077,393679,416170,Product_530,214,205.63,309.81,0.84
SUP091,209491,176983,Product_531,571,186.32,509.42,0.07
SUP079,642639,432548,Product_532,41,143.49,94.91,1.24
SUP028,739708,553150,Product_533,844,418.45,443.1,0.66
SUP034,522510,603537,Product_534,993,397.61,518.06,0.86
SUP086,807814,328867,Product_535,339,267.3,285.02,0.59
SUP003,644418,810523,Product_536,541,389.63,252.99,0.49
SUP009,179919,409447,Product_537,657,323.18,494.29,1.34
SUP028,494633,849391,Product_538,958,343.19,191.59,0.93
SUP006,302907,880654,Product_539,273,151.09,129.74,1.0
SUP083,361259,123992,Product_540,260,299.34,450.16,1.3
SUP094,751857,797620,Product_541,886,316.53,149.79,1.02
SUP094,802001,644117,Product_542,659,390.84,210.31,0.05
SUP024,906058,489666,Product_543,493,257.18,33.99,0.46
SUP028,117380,663813,Product_544,539,130.32,358.14,1.04
SUP082,727250,943061,Product_545,666,424.36,523.63,0.37
SUP002,999853,181242,Product_546,279,119.42,477.71,0.3
SUP022,586097,469613,Product_547,894,217.31,91.81,1.31
SUP076,745838,403058,Product_548,892,50.29,565.76,1.13
SUP080,901036,551699,Product_549,393,465.14,310.17,1.5
SUP068,304616,468179,Product_550,877,392.11,117.19,0.47
SUP076,610770,393948,Product_551,681,228.23,254.18,1.15
SUP067,606993,637154,Product_552,83,360.48,173.32,0.8
SUP081,772465,142044,Product_553,573,287.67,498.79,0.69
SUP059,710400,380158,Product_554,327,157.96,421.75,0.45
SUP021,173413,448995,Product_555,554,219.18,136.01,0.44
SUP054,669016,117483,Product_556,629,8.22,300.38,1.16
SUP095,415191,480766,Product_557,243,88.57,649.21,0.69
SUP062,649162,168474,Product_558,94,426.27,618.12,0.49
SUP050,325877,806847,Product_559,170,233.37,147.88,0.75
SUP056,472932,268791,Product_560,741,479.4,548.59,0.19
SUP052,475446,305138,Product_561,298,235.32,196.58,0.22
SUP075,877939,940002,Product_562,189,347.37,291.81,0.82
SUP048,571135,211512,Product_563,271,15.14,591.82,0.1
SUP065,143900,893365,Product_564,663,376.52,642.76,0.72
SUP043,459705,388461,Product_565,970,309.97,131.19,0.37
SUP098,181779,478486,Product_566,492,420.45,222.84,0.44
SUP008,241015,160219,Product_567,185,227.99,612.12,0.12
SUP017,437788,536143,Product_568,920,112.91,569.62,0.2
SUP024,252166,757386,Product_569,700,309.12,192.47,0.45
SUP000,884551,668325,Product_570,592,408.2,190.14,1.21
SUP024,339158,353923,Product_571,269,309.76,89.75,1.45
SUP024,138435,877922,Product_572,262,174.52,224.72,0.26
SUP085,243980,574159,Product_573,311,490.74,27.97,0.67
SUP003,356093,656432,Product_574,361,197.63,254.38,1.31
SUP029,376151,168445,Product_575,511,180.72,436.95,0.69
SUP098,577259,843194,Product_576,639,429.09,273.17,1.04
SUP010,626335,518340,Product_577,628,150.32,562.27,1.01
SUP091,829011,803583,Product_578,832,349.48,566.18,1.37
SUP096,291167,135561,Product_579,935,215.91,409.52,1.47
SUP027,145948,586027,Product_580,259,319.37,516.05,0.28
SUP027,576999,865925,Product_581,794,149.78,444.08,1.1
SUP081,229831,592706,Product_582,346,450.43,467.28,0.25
SUP032,387320,811271,Product_583,746,378.89,367.75,0.5
SUP017,796994,312701,Product_584,772,177.23,463.67,0.25
SUP074,104784,963152,Product_585,541,142.9,513.32,1.18
SUP038,458401,375083,Product_586,522,177.1,139.09,1.29
SUP035,973974,832216,Product_587,443,441.82,112.48,0.15
SUP021,709162,272473,Product_588,216,230.56,77.99,0.06
SUP009,904668,656716,Product_589,691,128.35,343.5,0.28
SUP026,649216,906524,Product_590,32,145.49,408.33,0.23
SUP084,684926,980008,Product_591,687,488.34,127.9,1.0
SUP079,690436,310031,Product_592,668,125.19,399.33,0.88
SUP092,521744,293854,Product_593,882,287.25,531.85,0.38
SUP053,814814,537991,Product_594,892,456.59,464.49,1.2
SUP029,771407,598199,Product_595,645,98.71,27.18,0.48
SUP024,366802,262139,Product_596,113,148.46,60.67,0.22
SUP076,124175,897131,Product_597,127,297.5,430.28,1.14
SUP069,352094,759243,Product_598,921,286.88,480.5,0.91
SUP041,552929,620011,Product_599,711,77.63,307.33,0.77
SUP080,796954,439013,Product_600,129,247.71,79.65,1.15
SUP094,104180,599808,Product_601,27,458.91,198.78,0.06
SUP066,880042,869908,Product_602,896,472.19,493.75,0.98
SUP054,558181,843420,Product_603,237,266.85,191.87,0.15
SUP014,395909,760151,Product_604,71,368.62,465.1,0.51
SUP072,919815,645680,Product_605,968,455.24,469.87,0.92
SUP042,641158,376906,Product_606,526,453.8,41.96,0.41
SUP007,900555,155677,Product_607,484,345.92,185.74,0.6
SUP099,691075,841597,Product_608,564,67.33,49.93,0.98
SUP070,898593,889133,Product_609,354,431.68,66.81,1.12
SUP057,446392,493653,Product_610,705,353.64,398.88,0.34
SUP058,468362,942983,Product_611,249,115.53,213.15,1.37
SUP072,684288,781897,Product_612,582,149.19,90.09,1.4
SUP049,526379,106312,Product_613,208,217.94,101.61,1.09
SUP017,435274,702707,Product_614,969,241.21,484.76,1.23
SUP063,455340,269863,Product_615,91,178.17,463.38,0.18
SUP015,482971,918820,Product_616,289,159.26,269.12,0.55
SUP087,220022,398671,Product_617,673,428.83,436.92,0.19
SUP011,636438,746309,Product_618,44,92.51,459.19,0.21
SUP085,601049,778154,Product_619,848,311.68,615.66,0.4
SUP072,489774,938736,Product_620,374,202.52,452.99,0.71
SUP029,535472,548275,Product_621,707,372.05,261.05,1.39
SUP069,893781,433856,Product_622,184,45.8,98.98,0.68
SUP049,976153,852624,Product_623,31,300.04,623.33,1.11
SUP058,339336,862288,Product_624,472,217.82,171.03,0.08
SUP052,956257,568380,Product_625,799,43.36,402.63,1.3
SUP000,491280,890138,Product_626,475,423.33,623.42,0.22
SUP011,143313,407199,Product_627,847,150.04,560.43,1.49
SUP065,679318,813611,Product_628,437,483.16,297.45,1.13
SUP057,880061,255391,Product_629,176,181.86,324.01,1.16
SUP030,406692,508755,Product_630,260,421.92,111.29,0.54
SUP092,381691,663408,Product_631,881,169.51,189.46,1.46
SUP063,251684,378154,Product_632,414,463.33,469.59,0.18
SUP001,652486,584918,Product_633,218,444.19,53.66,0.46
SUP009,397887,773010,Product_634,514,354.25,502.48,0.52
SUP034,527173,743129,Product_635,915,126.86,59.15,1.36
SUP022,480559,519699,Product_636,111,204.93,16.31,1.04
SUP062,791108,720239,Product_637,753,457.69,404.24,0.05
SUP076,610300,154183,Product_638,969,285.74,209.34,1.33
SUP008,789575,359759,Product_639,669,338.02,94.69,1.45
SUP002,963861,900838,Product_640,994,234.09,130.59,1.13
SUP016,279778,350897,Product_641,720,175.71,233.72,1.07
SUP015,217510,670587,Product_642,943,440.53,463.45,1.47
SUP057,473370,148157,Product_643,928,122.64,36.51,0.72
SUP099,984261,825851,Product_644,848,156.44,355.12,0.89
SUP033,621312,394318,Product_645,764,158.92,592.93,1.42
SUP055,723733,603096,Product_646,899,72.41,560.95,1.28
SUP009,386723,738584,Product_647,688,313.23,145.4,0.79
SUP088,485955,144289,Product_648,260,313.17,109.28,1.39
SUP044,776099,105964,Product_649,630,341.87,80.47,0.64
SUP058,689195,764263,Product_650,69,164.98,544.82,0.86
SUP068,298485,222819,Product_651,351,177.36,350.11,1.08
SUP073,208929,830868,Product_652,801,431.91,303.1,0.27
SUP039,289753,874331,Product_653,783,140.67,208.73,0.39
SUP054,717546,197941,Product_654,642,235.79,30.34,0.55
SUP062,557321,700041,Product_655,326,458.62,607.58,0.73
SUP074,432735,770370,Product_656,788,390.86,51.42,0.23
SUP045,762110,879341,Product_657,681,208.66,254.94,1.5
SUP005,282217,812169,Product_658,901,403.19,159.31,1.02
SUP087,681443,664308,Product_659,371,93.19,643.72,1.01
SUP093,136666,376270,Product_660,928,131.09,630.95,1.07
SUP068,154441,130674,Product_661,358,209.57,429.31,0.12
SUP013,940197,770942,Product_662,271,404.97,555.05,0.67
SUP093,198943,596220,Product_663,325,97.26,547.98,0.48
SUP036,667628,183454,Product_664,335,249.15,182.26,0.27
SUP040,247060,701473,Product_665,669,189.52,136.28,1.49
SUP065,410250,792097,Product_666,206,319.67,239.06,1.35
SUP045,990533,149870,Product_667,299,199.27,635.36,0.53
SUP034,378744,404670,Product_668,233,250.95,154.05,1.12
SUP075,959197,675369,Product_669,731,307.22,19.67,0.06
SUP030,200290,488682,Product_670,850,279.7,513.82,0.27
SUP002,402789,862812,Product_671,920,256.07,468.83,0.27
SUP020,818595,495444,Product_672,776,458.01,406.3,0.76
SUP095,553862,465843,Product_673,835,274.76,410.19,1.05
SUP060,738070,981926,Product_674,113,83.96,225.66,0.13
SUP036,661198,130482,Product_675,374,479.67,19.47,0.31
SUP062,466626,171553,Product_676,477,453.6,413.54,1.12
SUP070,517701,955995,Product_677,154,313.27,53.91,0.94
SUP014,792746,278423,Product_678,855,441.88,456.03,0.77
SUP096,561691,949547,Product_679,219,432.55,180.3,1.34
SUP057,405294,190312,Product_680,63,282.48,428.03,0.11
SUP094,762664,700391,Product_681,367,249.6,442.73,1.22
SUP085,622157,883896,Product_682,907,306.25,401.9,1.03
SUP062,396710,243285,Product_683,386,260.84,249.93,1.5
SUP038,686806,735907,Product_684,153,67.91,81.44,1.39
SUP095,800831,483381,Product_685,618,226.6,543.53,0.33
SUP098,830224,352569,Product_686,210,286.4,560.11,1.33
SUP001,246097,688984,Product_687,382,449.75,619.86,1.12
SUP036,683282,452567,Product_688,198,170.42,201.62,0.24
SUP085,901768,399927,Product_689,289,192.36,421.3,0.15
SUP067,831985,247186,Product_690,652,26.73,561.19,0.67
SUP045,883003,706767,Product_691,706,169.17,364.89,1.48
SUP072,406224,466611,Product_692,769,192.59,578.07,0.29
SUP095,120664,845459,Product_693,282,445.91,388.61,0.14
SUP034,956081,703661,Product_694,382,71.55,574.56,0.83
SUP008,292120,494259,Product_695,824,312.4,564.1,1.44
SUP011,528933,857828,Product_696,434,432.91,510.35,0.46
SUP017,986131,745052,Product_697,943,397.07,199.04,0.46
SUP015,851484,472627,Product_698,417,145.62,476.42,0.54
SUP069,590816,530904,Product_699,291,142.98,42.02,1.34
SUP041,826030,357024,Product_700,668,281.74,266.13,0.34
SUP027,989589,997190,Product_701,75,182.17,257.15,0.38
SUP043,933012,850524,Product_702,829,134.78,578.01,0.43
SUP006,195610,623962,Product_703,898,413.1,467.81,1.03
SUP074,883378,869681,Product_704,169,127.82,162.52,0.11
SUP095,636359,155894,Product_705,427,129.6,304.15,0.25
SUP051,129764,266017,Product_706,216,492.67,590.5,0.84
SUP059,631246,390134,Product_707,503,453.4,637.03,1.31
SUP087,423097,224102,Product_708,788,257.29,563.07,0.55
SUP033,560126,636168,Product_709,578,33.96,130.0,0.62
SUP034,591192,645185,Product_710,711,134.31,186.04,1.17
SUP082,350369,466213,Product_711,880,481.62,461.28,0.28
SUP016,173435,667444,Product_712,989,280.74,580.13,0.23
SUP091,724944,934579,Product_713,23,186.03,506.66,0.84
SUP076,583046,334124,Product_714,22,264.42,201.81,0.42
SUP085,919798,167680,Product_715,348,83.12,246.5,0.79
SUP034,718888,938845,Product_716,44,275.15,553.89,1.18
SUP067,670776,216629,Product_717,105,230.36,179.12,0.62
SUP076,188046,586507,Product_718,951,408.04,129.48,0.26
SUP032,521951,594277,Product_719,744,144.13,289.25,0.27
SUP041,258488,776325,Product_720,237,325.83,140.16,0.24
SUP091,697782,862405,Product_721,777,422.7,138.74,0.64
SUP030,422159,748776,Product_722,322,156.84,311.44,0.16
SUP005,127294,606313,Product_723,432,146.85,638.93,1.09
SUP029,196907,993757,Product_724,556,11.19,72.17,1.17
SUP060,990636,760117,Product_725,774,240.29,410.72,1.46
SUP037,189331,286592,Product_726,772,24.55,69.03,0.56
SUP001,373826,721538,Product_727,724,328.93,68.63,0.46
SUP003,246837,162767,Product_728,376,184.67,10.68,0.77
SUP066,438389,889293,Product_729,569,251.08,111.89,0.44
SUP087,885332,454234,Product_730,452,442.35,433.82,0.78
SUP068,283625,325839,Product_731,779,497.86,346.36,1.31
SUP085,943539,264394,Product_732,721,219.72,635.99,0.39
SUP017,962018,709859,Product_733,115,66.0,335.86,1.06
SUP055,109823,536515,Product_734,474,302.58,67.76,1.27
SUP089,881958,671414,Product_735,921,405.9,592.33,0.5
SUP054,275213,190144,Product_736,191,460.44,605.92,1.36
SUP068,429406,579866,Product_737,450,230.71,618.18,0.56
SUP098,663172,796960,Product_738,776,60.18,408.01,0.47
SUP034,942713,806367,Product_739,901,483.01,247.62,1.38
SUP076,211773,572080,Product_740,545,495.56,187.05,0.25
SUP099,268503,829034,Product_741,919,119.46,88.6,0.35
SUP060,747991,205923,Product_742,125,441.49,133.86,1.1
SUP070,669723,292395,Product_743,933,137.09,253.44,1.0
SUP009,416116,277336,Product_744,796,30.37,26.97,0.56
SUP013,266096,242207,Product_745,262,260.02,148.36,1.2
SUP055,516001,331869,Product_746,675,425.08,542.78,0.43
SUP002,928527,862104,Product_747,500,445.41,183.35,1.05
SUP077,129936,938002,Product_748,429,309.3,127.74,1.19
SUP005,591653,288681,Product_749,489,122.72,354.24,0.61
SUP022,464239,830849,Product_750,395,283.91,411.25,0.52
SUP034,265478,154597,Product_751,649,438.55,71.52,0.62
SUP084,289633,663902,Product_752,273,235.93,210.26,1.47
SUP070,398563,338467,Product_753,300,480.94,160.21,0.49
SUP021,838326,958326,Product_754,511,335.22,213.81,0.97
SUP089,800428,984936,Product_755,459,227.8,130.61,0.64
SUP015,397502,882856,Product_756,150,192.39,301.47,1.44
SUP046,392579,172323,Product_757,742,408.46,172.77,0.76
SUP002,322169,318200,Product_758,86,383.47,477.68,1.09
SUP017,476188,850655,Product_759,536,103.41,513.46,0.45
SUP068,301615,529810,Product_760,435,475.61,428.57,0.07
SUP021,941945,973817,Product_761,825,410.61,118.17,0.3
SUP058,637155,713947,Product_762,497,35.41,66.97,0.64
SUP056,782858,904741,Product_763,754,115.55,559.85,0.7
SUP035,670714,399703,Product_764,374,131.61,315.3,1.07
SUP063,621684,108612,Product_765,553,145.19,327.26,0.35
SUP085,919785,467361,Product_766,191,155.3,275.35,0.39
SUP056,760237,254537,Product_767,856,238.44,271.39,1.38
SUP054,456210,969212,Product_768,853,375.31,286.48,1.36
SUP025,789064,683225,Product_769,107,217.39,201.79,1.02
SUP022,647982,709214,Product_770,122,25.76,402.86,0.11
SUP070,307221,161268,Product_771,559,395.1,622.48,0.75
SUP041,583019,695171,Product_772,534,101.21,17.5,1.23
SUP092,325310,758566,Product_773,179,410.8,183.73,1.47
SUP054,227112,448594,Product_774,675,238.46,119.97,0.17
SUP037,187696,793417,Product_775,674,161.83,473.4,0.75
SUP053,389577,176638,Product_776,403,295.47,584.3,1.46
SUP076,409339,917415,Product_777,959,168.0,311.22,1.11
SUP061,281467,565187,Product_778,257,443.81,240.38,0.43
SUP090,324967,247192,Product_779,168,46.94,421.76,0.31
SUP042,361000,785307,Product_780,943,219.32,615.88,1.07
SUP010,853330,354864,Product_781,66,33.25,161.94,1.2
SUP085,410131,994602,Product_782,908,309.66,531.11,0.54
SUP050,696879,670424,Product_783,860,159.95,103.77,1.5
SUP031,926453,435709,Product_784,503,77.05,479.57,0.11
SUP015,143715,245920,Product_785,959,66.39,260.51,0.28
SUP069,957586,981868,Product_786,868,345.58,292.28,0.57
SUP051,524230,365035,Product_787,787,177.02,108.59,0.4
SUP048,182243,490915,Product_788,471,181.46,174.83,1.1
SUP009,515106,975738,Product_789,926,148.63,383.33,1.33
SUP045,727209,885471,Product_790,799,12.89,181.17,0.55
SUP075,314447,828707,Product_791,403,494.96,13.84,0.41
SUP039,351483,741030,Product_792,249,391.33,244.63,0.53
SUP099,909314,410114,Product_793,34,225.59,415.74,0.67
SUP006,759922,582530,Product_794,672,124.96,115.27,1.26
SUP098,747198,674170,Product_795,693,395.81,490.05,1.28
SUP027,502897,448296,Product_796,274,465.75,119.38,0.96
SUP072,387358,278835,Product_797,453,193.33,287.07,1.46
SUP066,590231,840938,Product_798,148,180.22,334.15,1.46
SUP051,234458,873429,Product_799,476,336.96,505.38,1.44
SUP033,658934,726756,Product_800,156,237.91,217.54,0.67
SUP094,583101,884460,Product_801,827,114.97,494.44,0.15
SUP066,223883,743491,Product_802,329,263.73,332.16,1.11
SUP050,703958,694395,Product_803,613,350.65,510.03,0.58
SUP061,178717,480851,Product_804,548,457.98,344.6,0.25
SUP077,172605,136021,Product_805,429,450.4,534.9,0.79
SUP046,480843,679246,Product_806,374,117.03,469.94,1.28
SUP051,646631,116721,Product_807,942,69.84,112.03,0.84
SUP064,825725,850499,Product_808,993,54.69,391.0,0.79
SUP096,792945,934631,Product_809,197,255.32,249.89,0.31
SUP096,172664,365218,Product_810,919,305.04,439.88,0.08
SUP070,883835,443409,Product_811,234,109.23,68.64,0.67
SUP008,676838,576932,Product_812,721,491.62,288.34,0.69
SUP096,374113,514194,Product_813,841,401.78,489.56,0.28
SUP066,136682,129595,Product_814,209,161.81,156.06,1.33
SUP051,827199,365762,Product_815,662,424.44,451.21,0.66
SUP008,879604,891616,Product_816,775,461.71,452.45,0.5
SUP076,162678,783660,Product_817,612,181.89,282.61,0.86
SUP003,331329,262379,Product_818,214,420.92,172.13,1.12
SUP059,216478,567263,Product_819,968,430.2,597.83,0.83
SUP001,925127,309719,Product_820,275,46.91,495.88,0.15
SUP093,369212,839977,Product_821,820,141.81,250.66,1.39
SUP006,581184,247116,Product_822,622,460.62,187.49,0.62
SUP050,544230,203333,Product_823,405,294.51,241.6,1.12
SUP002,427089,363394,Product_824,877,238.6,387.03,0.27
SUP065,671253,551623,Product_825,362,392.01,401.29,0.88
SUP094,569547,322127,Product_826,553,441.07,244.14,0.19
SUP052,640829,632183,Product_827,208,249.68,6.85,0.13
SUP047,708355,388820,Product_828,142,251.94,580.01,0.32
SUP040,101092,702065,Product_829,169,288.68,282.16,0.24
SUP033,934626,371109,Product_830,85,407.06,240.02,0.52
SUP027,860205,519835,Product_831,865,375.55,596.64,1.3
SUP055,212368,188885,Product_832,412,122.39,646.22,1.3
SUP029,317949,263922,Product_833,893,169.09,91.11,0.6
SUP028,440530,105242,Product_834,346,46.3,165.39,0.62
SUP022,225275,874508,Product_835,661,161.45,626.99,0.32
SUP005,602058,167773,Product_836,279,193.3,80.54,1.21
SUP011,157732,415020,Product_837,365,135.47,624.17,0.39
SUP003,494173,359344,Product_838,595,237.14,361.1,0.19
SUP043,933243,923895,Product_839,97,324.44,583.93,1.29
SUP007,769999,819930,Product_840,958,406.22,290.87,0.84
SUP052,194205,463834,Product_841,750,400.36,311.16,0.93
SUP085,574010,564312,Product_842,734,283.51,22.8,0.23
SUP000,672039,620615,Product_843,98,482.03,283.23,1.03
SUP019,563743,724497,Product_844,751,359.66,417.47,0.28
SUP004,268149,233192,Product_845,983,398.23,78.86,0.72
SUP087,609676,887004,Product_846,471,38.65,374.76,0.2
SUP081,236193,434079,Product_847,250,6.39,371.41,0.99
SUP047,703764,737717,Product_848,103,159.05,243.39,1.39
SUP022,721329,107214,Product_849,476,71.09,57.27,0.39
SUP073,454217,953092,Product_850,751,141.48,411.94,1.32
SUP073,843839,337705,Product_851,36,188.89,252.38,0.77
SUP044,105278,168986,Product_852,997,386.62,411.17,0.88
SUP090,604650,852005,Product_853,308,117.93,383.41,0.63
SUP027,197162,835091,Product_854,826,321.34,132.78,0.49
SUP047,287164,599775,Product_855,983,221.82,571.69,0.79
SUP017,454573,551418,Product_856,803,352.11,237.04,0.94
SUP077,111484,393171,Product_857,124,217.39,529.09,1.41
SUP086,306625,720404,Product_858,508,176.46,529.78,0.5
SUP096,229424,994214,Product_859,548,284.63,20.55,1.32
SUP002,318398,229367,Product_860,627,371.5,314.58,0.1
SUP076,115462,167042,Product_861,464,42.3,276.2,0.41
SUP026,241039,637304,Product_862,619,319.12,403.67,0.74
SUP083,838490,747939,Product_863,403,260.45,489.43,1.31
SUP087,753842,379309,Product_864,239,273.36,559.81,0.66
SUP058,707403,737329,Product_865,671,292.32,12.36,0.64
SUP045,879422,226389,Product_866,428,107.44,171.48,1.38
SUP041,191640,380198,Product_867,662,451.38,578.79,0.13
SUP003,164369,308829,Product_868,865,410.8,277.13,0.84
SUP002,733373,220543,Product_869,942,199.59,431.0,1.24
SUP065,647991,241688,Product_870,479,136.53,412.16,1.37
SUP042,171894,575671,Product_871,622,188.1,310.01,1.01
SUP047,657262,681468,Product_872,433,251.27,118.61,0.84
SUP044,868365,495972,Product_873,147,314.21,306.01,1.45
SUP032,391688,957379,Product_874,92,142.73,466.99,1.49
SUP017,438668,898953,Product_875,145,400.4,300.01,0.96
SUP034,779481,664720,Product_876,586,143.92,528.59,0.71
SUP013,296914,200659,Product_877,155,244.79,108.44,1.36
SUP023,643892,144178,Product_878,577,409.14,482.94,0.53
SUP056,366883,619978,Product_879,385,247.4,144.48,0.47
SUP067,854196,417659,Product_880,96,52.13,646.64,0.61
SUP050,842045,160969,Product_881,171,142.71,137.65,1.36
SUP001,385737,210477,Product_882,159,433.92,22.93,1.37
SUP007,899545,678974,Product_883,124,35.51,242.08,0.99
SUP032,918041,331013,Product_884,188,249.49,480.34,0.74
SUP001,493300,394187,Product_885,303,490.26,404.17,0.37
SUP011,758277,560001,Product_886,515,62.2,339.52,0.08
SUP062,112424,690495,Product_887,959,116.35,577.14,1.3
SUP095,249071,991620,Product_888,475,442.37,217.67,0.38
SUP027,196414,467936,Product_889,412,9.8,334.67,0.31
SUP059,822816,299666,Product_890,162,368.88,57.16,0.16
SUP005,158265,596200,Product_891,291,265.48,403.82,0.82
SUP031,609945,630992,Product_892,838,422.28,557.15,1.46
SUP070,712163,551060,Product_893,337,258.33,113.97,0.36
SUP061,741666,544720,Product_894,99,318.36,101.8,1.32
SUP099,970462,508592,Product_895,532,44.69,377.59,0.85
SUP041,675965,487193,Product_896,824,255.41,113.64,0.85
SUP091,897223,812496,Product_897,343,169.66,221.79,0.06
SUP024,913808,205770,Product_898,272,168.87,377.94,0.66
SUP010,471752,475484,Product_899,187,256.41,60.36,0.71
SUP034,940586,283085,Product_900,656,105.65,533.99,1.0
SUP080,818910,261177,Product_901,889,445.15,558.79,1.25
SUP041,695766,939733,Product_902,86,114.9,212.76,0.71
SUP006,357546,660596,Product_903,902,303.43,540.13,0.43
SUP040,146675,374401,Product_904,711,275.87,348.06,0.11
SUP091,173164,656281,Product_905,830,78.52,569.77,0.91
SUP012,225436,629698,Product_906,626,324.46,200.09,0.07
SUP005,332599,311135,Product_907,866,176.6,353.52,0.48
SUP017,413649,342022,Product_908,389,296.19,507.37,1.31
SUP011,943883,604662,Product_909,325,269.24,189.38,0.31
SUP062,633218,621406,Product_910,65,261.29,262.08,0.82
SUP052,424330,353555,Product_911,840,491.77,123.37,1.13
SUP077,515796,807978,Product_912,281,79.61,563.76,0.22
SUP007,584462,609852,Product_913,628,209.57,542.56,1.18
SUP037,470587,949853,Product_914,278,364.41,11.71,0.25
SUP095,720061,807634,Product_915,393,295.36,629.72,0.92
SUP041,211421,457220,Product_916,939,196.39,49.83,1.35
SUP039,771577,293290,Product_917,289,124.66,117.03,1.3
SUP005,426091,245992,Product_918,492,150.09,480.34,0.15
SUP049,118725,519162,Product_919,371,139.71,167.0,0.48
SUP059,414347,317161,Product_920,472,294.35,300.3,0.23
SUP067,160572,665713,Product_921,558,172.09,126.11,1.1
SUP062,675300,328960,Product_922,303,390.33,454.17,1.39
SUP081,415927,316378,Product_923,640,174.87,519.74,1.03
SUP096,578759,422773,Product_924,827,10.59,379.9,1.15
SUP068,547969,779270,Product_925,166,454.95,124.21,0.49
SUP003,835304,969349,Product_926,215,352.62,141.94,1.27
SUP047,147286,685718,Product_927,523,145.89,268.92,0.59
SUP088,980515,581829,Product_928,967,75.35,182.27,1.05
SUP040,686136,912431,Product_929,588,304.55,417.48,0.44
SUP083,127595,562878,Product_930,397,204.57,12.38,0.98
SUP058,895163,685835,Product_931,712,166.5,472.81,0.09
SUP078,988049,686351,Product_932,547,238.03,288.26,0.81
SUP054,251789,757204,Product_933,734,463.62,28.83,0.83
SUP072,631584,847938,Product_934,193,391.97,340.15,1.28
SUP036,962227,577049,Product_935,790,263.91,305.4,1.38
SUP040,716993,961663,Product_936,176,426.73,97.69,0.32
SUP052,688508,603257,Product_937,575,26.16,579.97,1.31
SUP029,407345,802436,Product_938,845,203.02,532.28,1.1
SUP014,446412,796576,Product_939,706,305.28,516.66,1.01
SUP062,336449,685191,Product_940,282,170.9,630.94,0.33
SUP071,988979,126267,Product_941,383,471.19,521.19,1.33
SUP040,724610,737504,Product_942,538,475.16,554.92,1.05
SUP011,561459,361809,Product_943,88,105.97,494.19,0.15
SUP028,768318,936723,Product_944,746,337.77,172.82,1.33
SUP069,413485,319881,Product_945,763,93.24,183.75,1.28
SUP065,664463,939609,Product_946,553,300.03,218.39,1.19
SUP010,836185,183457,Product_947,30,249.43,611.39,1.08
SUP077,947199,931062,Product_948,581,381.69,331.78,0.51
SUP038,744444,512005,Product_949,275,412.24,397.42,0.61
SUP032,564168,982035,Product_950,235,459.93,641.97,0.41
SUP066,617187,604259,Product_951,492,259.02,537.37,0.57
SUP064,668994,726426,Product_952,639,119.7,414.59,0.14
SUP047,214672,504555,Product_953,349,407.19,520.42,0.81
SUP004,265512,778383,Product_954,929,200.77,369.81,0.59
SUP037,123830,231289,Product_955,53,286.47,251.66,1.17
SUP058,202845,308386,Product_956,922,455.9,357.98,0.72
SUP095,812024,565040,Product_957,969,463.21,514.16,1.09
SUP048,574443,709603,Product_958,840,104.72,301.29,0.87
SUP030,326049,882571,Product_959,771,200.53,509.42,1.0
SUP096,639060,248610,Product_960,551,448.53,300.5,0.34
SUP064,909464,400536,Product_961,824,477.69,564.04,0.51
SUP006,446799,434750,Product_962,646,259.37,358.2,0.41
SUP082,390950,463376,Product_963,332,112.79,148.31,0.84
SUP009,262936,602699,Product_964,286,13.73,316.87,0.95
SUP044,453158,772299,Product_965,686,43.54,60.43,0.65
SUP062,270689,739096,Product_966,766,39.6,177.23,1.28
SUP066,981039,116248,Product_967,769,245.61,110.26,1.15
SUP076,798281,784784,Product_968,288,406.45,326.6,1.4
SUP037,357410,465746,Product_969,157,40.44,648.58,1.23
SUP068,196875,534059,Product_970,575,92.66,596.34,1.32
SUP076,327718,137662,Product_971,452,354.89,622.44,0.54
SUP011,418497,218541,Product_972,236,234.22,547.61,0.13
SUP085,244957,833109,Product_973,447,104.62,31.22,1.31
SUP086,874952,223043,Product_974,307,262.1,195.08,0.81
SUP043,790957,219124,Product_975,637,56.03,450.04,1.5
SUP013,390237,533717,Product_976,155,467.08,485.92,0.95
SUP084,430738,881155,Product_977,359,71.86,113.56,0.7
SUP043,534754,101021,Product_978,820,345.95,334.09,0.13
SUP011,900050,299121,Product_979,768,335.47,333.65,0.31
SUP075,228322,858316,Product_980,527,277.52,88.26,0.97
SUP074,706109,494215,Product_981,100,63.13,596.19,0.99
SUP044,504028,182786,Product_982,926,395.02,143.85,1.19
SUP003,233798,754434,Product_983,670,263.08,250.57,1.12
SUP014,922726,791403,Product_984,156,47.12,444.72,0.99
SUP049,955720,343445,Product_985,656,375.49,401.76,1.34
SUP047,364381,469834,Product_986,983,151.92,214.17,1.31
SUP047,462690,974536,Product_987,153,109.7,189.5,0.75
SUP078,736112,167757,Product_988,414,226.48,439.87,0.35
SUP063,907051,762474,Product_989,652,215.1,604.71,0.13
SUP022,498740,788622,Product_990,506,108.4,194.0,1.35
SUP092,794886,111163,Product_991,641,14.14,41.52,0.48
SUP049,425222,153566,Product_992,667,178.04,146.26,1.4
SUP099,971603,401985,Product_993,205,72.25,233.88,0.17
SUP006,278588,342028,Product_994,414,60.69,482.15,0.18
SUP061,219852,714543,Product_995,575,427.45,590.13,0.29
SUP042,657826,546568,Product_996,233,241.71,148.25,0.59
SUP076,526769,854189,Product_997,958,339.39,616.32,1.39
SUP090,570479,396650,Product_998,853,139.88,87.88,0.37
SUP023,705513,879903,Product_999,406,247.04,133.18,0.48
