return_date,customer_id,order_id,product_id,returned_qty,return_reason,return_unloading_started_time,return_putaway_completed_time
2022-07-11,CUST069,ORD04009,897131,339,Low shelf life,10:50:00,11:19:00
2023-09-25,CUST013,ORD12160,381821,278,Temperature issue,10:16:00,10:46:00
2024-09-05,CUST028,ORD15546,745052,704,Low shelf life,10:10:00,10:47:00
2023-05-16,CUST055,ORD13153,140557,67,Temperature issue,11:32:00,12:09:00
2023-12-02,CUST006,ORD06951,495444,273,Temperature issue,12:27:00,12:49:00
2022-02-22,CUST044,ORD04645,580932,346,Quality issue,12:33:00,13:00:00
2024-08-01,CUST020,ORD21310,737717,289,Low shelf life,11:15:00,11:48:00
2023-03-13,CUST034,ORD18905,480345,17,Quality issue,12:48:00,13:25:00
2022-07-04,CUST011,ORD12880,388461,146,Quality issue,11:24:00,12:02:00
2023-09-13,CUST090,ORD03604,260490,178,Quality issue,14:09:00,14:46:00
2024-08-08,CUST002,ORD11131,553150,143,Low shelf life,12:49:00,13:29:00
2022-01-28,CUST095,ORD20772,649807,117,Quality issue,11:46:00,12:17:00
2022-09-12,CUST095,ORD21506,745052,115,Quality issue,14:47:00,15:19:00
2024-09-18,CUST072,ORD05834,754434,36,Quality issue,13:48:00,14:13:00
2024-12-04,CUST060,ORD04716,586820,85,Low shelf life,14:15:00,14:40:00
2023-08-19,CUST015,ORD20475,678083,473,Temperature issue,10:42:00,11:14:00
2024-02-11,CUST023,ORD00011,268274,539,Temperature issue,11:44:00,12:19:00
2022-03-22,CUST043,ORD12982,737107,262,Quality issue,10:11:00,10:39:00
2024-02-18,CUST000,ORD10342,181354,226,Quality issue,14:03:00,14:31:00
2024-03-18,CUST050,ORD24344,514194,20,Quality issue,10:10:00,10:43:00
2023-08-16,CUST038,ORD04935,891288,461,Quality issue,14:29:00,14:57:00
2024-07-29,CUST061,ORD19022,850499,291,Low shelf life,13:51:00,14:21:00
2023-01-17,CUST027,ORD06696,703661,128,Quality issue,10:02:00,10:38:00
2024-04-08,CUST091,ORD01257,767135,316,Incorrect item,09:33:00,10:13:00
2023-09-24,CUST023,ORD08087,162767,221,Low shelf life,14:18:00,14:42:00
2023-12-18,CUST087,ORD13427,746562,328,Low shelf life,14:42:00,15:19:00
2022-09-14,CUST051,ORD21323,550204,100,Quality issue,10:32:00,11:11:00
2024-07-08,CUST094,ORD12386,203294,231,Quality issue,12:40:00,13:06:00
2022-06-28,CUST015,ORD01491,212460,315,Quality issue,10:58:00,11:30:00
2022-04-30,CUST080,ORD18272,749189,445,Quality issue,13:51:00,14:25:00
2022-08-11,CUST044,ORD12159,266952,127,Temperature issue,13:20:00,13:40:00
2022-03-02,CUST037,ORD17546,977674,207,Quality issue,12:35:00,13:05:00
2023-11-06,CUST088,ORD09931,278423,544,Quality issue,14:41:00,15:18:00
2022-03-11,CUST042,ORD05432,873429,320,Incorrect item,09:55:00,10:17:00
2023-11-17,CUST022,ORD05140,261489,351,Quality issue,09:58:00,10:31:00
2024-05-26,CUST076,ORD11334,205923,63,Low shelf life,11:22:00,11:58:00
2023-03-24,CUST047,ORD10799,563616,35,Temperature issue,10:00:00,10:35:00
2023-10-04,CUST054,ORD22393,197941,368,Incorrect item,14:22:00,15:01:00
2022-09-13,CUST093,ORD05654,255362,196,Low shelf life,10:53:00,11:18:00
2023-11-12,CUST089,ORD16922,260405,114,Incorrect item,14:04:00,14:40:00
2023-06-29,CUST070,ORD01916,680105,141,Incorrect item,11:55:00,12:22:00
2022-02-19,CUST088,ORD03465,154741,57,Incorrect item,13:09:00,13:31:00
2023-12-03,CUST046,ORD20769,317997,267,Low shelf life,10:20:00,11:00:00
2023-07-24,CUST095,ORD13343,735907,28,Quality issue,11:29:00,11:49:00
2024-08-12,CUST034,ORD12459,997190,7,Temperature issue,09:00:00,09:26:00
2023-10-22,CUST071,ORD04210,656716,113,Incorrect item,09:22:00,09:57:00
2022-11-09,CUST051,ORD00999,543372,387,Temperature issue,10:04:00,10:35:00
2023-11-13,CUST029,ORD21931,266687,12,Low shelf life,13:39:00,13:59:00
2023-02-19,CUST025,ORD12471,671414,23,Incorrect item,10:11:00,10:50:00
2022-03-27,CUST035,ORD12643,791403,55,Quality issue,13:55:00,14:32:00
2022-02-05,CUST045,ORD00943,547063,806,Temperature issue,11:19:00,11:41:00
2022-04-07,CUST055,ORD08783,770942,107,Quality issue,10:00:00,10:24:00
2022-08-31,CUST048,ORD03296,154597,417,Temperature issue,09:25:00,09:56:00
2023-06-14,CUST054,ORD22455,423683,324,Incorrect item,12:22:00,12:59:00
2024-09-20,CUST051,ORD03459,316378,228,Low shelf life,10:36:00,11:04:00
2023-06-28,CUST006,ORD24878,251472,328,Incorrect item,10:03:00,10:25:00
2024-12-21,CUST053,ORD06391,708534,5,Incorrect item,14:14:00,14:40:00
2024-09-23,CUST002,ORD03782,674170,41,Incorrect item,14:48:00,15:12:00
2022-05-26,CUST026,ORD23751,773010,1,Low shelf life,10:37:00,11:15:00
2024-08-09,CUST036,ORD15852,695171,90,Low shelf life,11:01:00,11:40:00
2022-10-25,CUST053,ORD11297,411177,540,Temperature issue,10:36:00,10:57:00
2022-06-13,CUST014,ORD09494,147007,86,Quality issue,10:10:00,10:48:00
2024-11-09,CUST024,ORD15706,328867,266,Incorrect item,14:16:00,14:53:00
2023-03-18,CUST064,ORD16839,895998,497,Temperature issue,10:04:00,10:35:00
2024-02-16,CUST072,ORD06379,512005,399,Temperature issue,09:01:00,09:21:00
2023-10-29,CUST060,ORD00379,568259,378,Quality issue,10:25:00,10:59:00
2023-09-01,CUST075,ORD03970,423683,220,Temperature issue,12:17:00,12:51:00
2023-07-06,CUST037,ORD02792,482540,278,Low shelf life,09:52:00,10:17:00
2022-05-18,CUST026,ORD10665,564312,26,Temperature issue,11:22:00,11:59:00
2022-02-06,CUST018,ORD06606,167212,261,Quality issue,10:05:00,10:35:00
2024-11-11,CUST035,ORD19340,419903,354,Low shelf life,14:37:00,15:17:00
2022-04-05,CUST069,ORD23064,702707,106,Quality issue,13:18:00,13:56:00
2022-09-09,CUST092,ORD13760,918820,3,Quality issue,14:34:00,15:01:00
2023-05-06,CUST000,ORD03814,767154,391,Low shelf life,11:38:00,12:15:00
2022-05-22,CUST075,ORD00296,604259,129,Low shelf life,13:43:00,14:08:00
2023-01-20,CUST089,ORD03169,466956,680,Low shelf life,12:03:00,12:37:00
2023-04-27,CUST056,ORD20341,778154,277,Temperature issue,10:16:00,10:45:00
2022-04-01,CUST032,ORD02395,352569,788,Incorrect item,10:42:00,11:04:00
2024-09-28,CUST007,ORD03269,567970,324,Temperature issue,13:24:00,13:52:00
2022-06-16,CUST043,ORD13856,279775,498,Incorrect item,10:51:00,11:22:00
2024-07-07,CUST020,ORD07509,545670,10,Incorrect item,12:49:00,13:21:00
2023-05-11,CUST066,ORD02712,308829,402,Temperature issue,14:43:00,15:09:00
2023-09-15,CUST064,ORD16371,670587,419,Low shelf life,14:13:00,14:36:00
2022-11-10,CUST070,ORD19480,411177,171,Incorrect item,12:11:00,12:43:00
2023-12-30,CUST049,ORD12754,257530,182,Incorrect item,12:47:00,13:14:00
2023-07-12,CUST072,ORD01134,851805,187,Quality issue,11:43:00,12:12:00
2022-10-25,CUST098,ORD00016,585925,254,Incorrect item,13:55:00,14:15:00
2024-06-20,CUST011,ORD20502,130482,76,Incorrect item,12:56:00,13:27:00
2023-06-11,CUST014,ORD07375,612527,218,Low shelf life,13:13:00,13:40:00
2022-03-16,CUST093,ORD17670,833412,179,Incorrect item,10:47:00,11:10:00
2024-03-25,CUST056,ORD02406,939733,20,Temperature issue,14:11:00,14:37:00
2023-05-02,CUST041,ORD21218,740835,561,Temperature issue,14:14:00,14:42:00
2022-05-17,CUST010,ORD24121,309719,20,Incorrect item,12:47:00,13:09:00
2022-02-11,CUST020,ORD16973,536149,132,Quality issue,13:59:00,14:39:00
2022-02-04,CUST043,ORD10027,448296,57,Incorrect item,11:37:00,12:17:00
2023-07-22,CUST090,ORD17354,492320,142,Incorrect item,09:51:00,10:16:00
2022-07-03,CUST027,ORD07363,466611,278,Low shelf life,12:23:00,12:44:00
2023-04-09,CUST003,ORD16748,738343,219,Temperature issue,14:05:00,14:31:00
2024-03-14,CUST027,ORD01876,434079,38,Temperature issue,14:45:00,15:22:00
2023-04-13,CUST081,ORD13099,278423,143,Quality issue,11:17:00,11:44:00
2024-07-09,CUST075,ORD17451,282826,66,Incorrect item,14:05:00,14:44:00
2023-08-31,CUST075,ORD00990,833412,207,Incorrect item,10:54:00,11:20:00
2024-10-31,CUST037,ORD24543,212460,156,Temperature issue,09:55:00,10:29:00
2022-04-05,CUST094,ORD04147,752082,229,Low shelf life,13:25:00,13:52:00
2022-05-08,CUST098,ORD21399,266687,335,Incorrect item,14:37:00,15:04:00
2022-06-17,CUST040,ORD23414,767135,469,Temperature issue,12:04:00,12:28:00
2024-08-03,CUST002,ORD20861,793580,326,Low shelf life,09:39:00,10:13:00
2022-04-10,CUST055,ORD00505,209915,16,Incorrect item,12:41:00,13:14:00
2023-07-28,CUST092,ORD00540,221001,183,Quality issue,09:55:00,10:18:00
2022-12-21,CUST066,ORD07173,257075,320,Temperature issue,11:19:00,11:42:00
2023-01-07,CUST033,ORD23316,224061,139,Low shelf life,13:55:00,14:23:00
2022-09-28,CUST077,ORD05616,576263,26,Low shelf life,13:50:00,14:24:00
2024-05-09,CUST030,ORD24811,108612,415,Temperature issue,10:59:00,11:39:00
2024-05-23,CUST090,ORD15820,327678,229,Temperature issue,10:09:00,10:40:00
2024-10-06,CUST078,ORD07418,701473,30,Low shelf life,09:43:00,10:18:00
2024-02-09,CUST094,ORD00845,749189,492,Low shelf life,10:23:00,11:01:00
2022-04-15,CUST052,ORD01882,961663,138,Low shelf life,10:52:00,11:29:00
2022-08-09,CUST053,ORD11203,448995,294,Temperature issue,12:52:00,13:25:00
2024-06-28,CUST000,ORD03243,726756,7,Quality issue,11:41:00,12:05:00
2024-07-01,CUST013,ORD08723,817744,676,Quality issue,14:17:00,14:50:00
2023-06-05,CUST062,ORD13237,708534,34,Incorrect item,13:37:00,14:03:00
2023-08-28,CUST026,ORD02172,427550,279,Low shelf life,09:34:00,09:57:00
2023-12-29,CUST040,ORD09746,216629,24,Temperature issue,09:51:00,10:31:00
2024-04-22,CUST004,ORD03202,133805,281,Quality issue,11:38:00,12:14:00
2024-10-12,CUST068,ORD15214,136021,91,Quality issue,14:27:00,15:03:00
2024-05-11,CUST017,ORD00277,113555,43,Quality issue,13:50:00,14:11:00
2022-03-08,CUST076,ORD09531,753811,96,Temperature issue,09:01:00,09:36:00
2022-08-02,CUST007,ORD09997,685718,837,Temperature issue,11:06:00,11:44:00
2023-02-16,CUST082,ORD07599,961663,220,Low shelf life,14:25:00,14:46:00
2022-12-21,CUST097,ORD02950,365762,99,Quality issue,12:24:00,12:54:00
2023-03-04,CUST044,ORD13538,164350,28,Low shelf life,14:19:00,14:58:00
2024-07-29,CUST048,ORD07056,235956,28,Temperature issue,12:38:00,13:09:00
2024-07-28,CUST005,ORD15143,634921,37,Quality issue,11:26:00,11:48:00
2022-06-18,CUST091,ORD16686,810523,520,Quality issue,10:25:00,10:56:00
2022-09-04,CUST077,ORD19170,108612,372,Quality issue,10:59:00,11:30:00
2024-08-14,CUST000,ORD00902,148157,325,Low shelf life,09:49:00,10:12:00
2024-05-03,CUST026,ORD13537,117306,842,Temperature issue,10:25:00,10:46:00
2022-03-22,CUST065,ORD16011,286440,104,Temperature issue,11:11:00,11:51:00
2024-05-27,CUST058,ORD01120,242207,134,Quality issue,09:09:00,09:43:00
2023-09-06,CUST046,ORD10727,362977,148,Quality issue,14:43:00,15:06:00
2022-06-07,CUST027,ORD20333,431677,42,Temperature issue,09:29:00,09:51:00
2024-10-08,CUST023,ORD22783,869681,698,Incorrect item,13:46:00,14:24:00
2024-05-21,CUST055,ORD21664,466611,289,Quality issue,14:23:00,15:00:00
2022-10-24,CUST040,ORD15263,254496,390,Quality issue,11:51:00,12:20:00
2022-02-19,CUST079,ORD04809,784784,196,Quality issue,12:07:00,12:43:00
2023-06-07,CUST085,ORD17318,136260,123,Quality issue,09:03:00,09:30:00
2024-03-22,CUST085,ORD21991,930403,433,Temperature issue,10:20:00,10:44:00
2022-08-09,CUST021,ORD07078,352497,677,Low shelf life,10:48:00,11:15:00
2023-01-18,CUST033,ORD06529,709859,354,Low shelf life,11:22:00,11:54:00
2023-10-11,CUST060,ORD10775,350897,495,Quality issue,13:17:00,13:54:00
2024-06-24,CUST049,ORD23916,874508,173,Low shelf life,14:15:00,14:36:00
2024-12-28,CUST004,ORD24516,202337,119,Temperature issue,14:03:00,14:26:00
2022-12-30,CUST011,ORD09167,264394,381,Temperature issue,11:06:00,11:39:00
2022-05-24,CUST037,ORD06900,214869,201,Quality issue,09:24:00,10:04:00
2023-07-12,CUST067,ORD22836,162767,47,Low shelf life,13:00:00,13:38:00
2022-09-23,CUST053,ORD21679,266558,25,Temperature issue,11:24:00,11:57:00
2024-10-09,CUST013,ORD20640,822210,12,Low shelf life,11:52:00,12:29:00
2023-08-29,CUST075,ORD24164,163400,408,Temperature issue,14:09:00,14:46:00
2023-09-28,CUST058,ORD23243,530915,550,Temperature issue,13:19:00,13:43:00
2024-09-07,CUST095,ORD01370,766627,105,Quality issue,09:31:00,09:55:00
2022-03-02,CUST043,ORD16819,167757,6,Temperature issue,10:53:00,11:21:00
2023-06-01,CUST025,ORD07890,494259,26,Temperature issue,10:04:00,10:38:00
2024-10-27,CUST007,ORD24189,248610,35,Quality issue,10:38:00,11:06:00
2023-11-18,CUST041,ORD12690,488682,821,Quality issue,09:17:00,09:37:00
2023-07-16,CUST025,ORD23717,839977,119,Incorrect item,10:04:00,10:34:00
2023-05-23,CUST015,ORD15692,780239,597,Temperature issue,12:09:00,12:38:00
2022-01-16,CUST031,ORD01238,185133,117,Incorrect item,12:04:00,12:32:00
2022-01-04,CUST016,ORD15153,832819,23,Quality issue,11:32:00,12:09:00
2023-01-23,CUST079,ORD00400,299666,523,Low shelf life,11:44:00,12:07:00
2024-02-16,CUST035,ORD01726,546962,19,Low shelf life,12:32:00,12:53:00
2024-03-26,CUST068,ORD09240,314209,13,Incorrect item,12:10:00,12:49:00
2024-05-25,CUST086,ORD01790,944462,3,Low shelf life,14:54:00,15:14:00
2024-12-14,CUST003,ORD03262,123992,210,Incorrect item,14:07:00,14:47:00
2022-12-22,CUST006,ORD08538,393171,659,Temperature issue,11:58:00,12:35:00
2024-05-14,CUST071,ORD11866,489666,732,Low shelf life,13:56:00,14:27:00
2023-02-28,CUST074,ORD17350,645185,206,Quality issue,10:24:00,10:52:00
2023-05-06,CUST070,ORD09136,183457,188,Temperature issue,12:56:00,13:16:00
2023-03-28,CUST000,ORD10240,992558,94,Quality issue,14:46:00,15:10:00
2023-11-23,CUST021,ORD03530,925426,78,Temperature issue,09:22:00,09:49:00
2022-02-22,CUST074,ORD03823,551623,30,Temperature issue,10:51:00,11:30:00
2023-09-05,CUST090,ORD10896,767154,252,Temperature issue,12:22:00,12:59:00
2024-11-16,CUST074,ORD04732,743491,506,Quality issue,13:56:00,14:34:00
2023-08-29,CUST019,ORD22559,447400,103,Low shelf life,14:40:00,15:11:00
2022-05-23,CUST044,ORD09744,233192,290,Incorrect item,09:43:00,10:21:00
2024-10-12,CUST048,ORD12448,788570,78,Temperature issue,10:24:00,10:52:00
2022-06-29,CUST068,ORD06566,608301,76,Quality issue,12:04:00,12:44:00
2023-03-28,CUST093,ORD20565,251652,93,Quality issue,11:49:00,12:22:00
2024-07-26,CUST000,ORD08991,144289,157,Low shelf life,10:21:00,10:41:00
2023-01-29,CUST052,ORD03736,846480,240,Temperature issue,11:31:00,11:57:00
2022-06-16,CUST016,ORD09734,915586,9,Low shelf life,11:37:00,12:06:00
2022-10-31,CUST078,ORD00426,946470,259,Quality issue,14:38:00,15:07:00
2024-01-22,CUST033,ORD02158,413053,744,Incorrect item,13:01:00,13:28:00
2023-10-21,CUST048,ORD14922,662233,178,Temperature issue,12:59:00,13:23:00
2023-05-07,CUST018,ORD13356,435265,33,Low shelf life,11:17:00,11:53:00
2023-12-27,CUST015,ORD19945,266558,42,Quality issue,13:47:00,14:20:00
2022-04-11,CUST058,ORD18000,792097,59,Incorrect item,09:18:00,09:54:00
2023-08-28,CUST095,ORD23655,686351,231,Low shelf life,11:05:00,11:28:00
2024-02-21,CUST051,ORD03349,746562,315,Quality issue,10:45:00,11:18:00
2022-07-14,CUST062,ORD11388,393948,188,Incorrect item,14:34:00,15:01:00
2022-05-31,CUST085,ORD16442,876999,753,Quality issue,12:20:00,12:52:00
2023-10-15,CUST025,ORD05705,110199,275,Incorrect item,14:03:00,14:32:00
2022-08-15,CUST076,ORD01135,897131,403,Incorrect item,14:20:00,14:43:00
2022-01-23,CUST035,ORD07124,792097,389,Quality issue,14:48:00,15:27:00
2024-11-08,CUST024,ORD23202,288681,126,Low shelf life,11:24:00,12:02:00
2024-11-21,CUST069,ORD22487,803686,149,Temperature issue,13:24:00,14:01:00
2024-10-11,CUST092,ORD15275,250464,142,Low shelf life,10:19:00,10:44:00
2023-09-01,CUST011,ORD09233,574628,405,Low shelf life,13:43:00,14:06:00
2023-12-30,CUST075,ORD16386,295634,417,Low shelf life,12:29:00,12:59:00
2024-06-05,CUST045,ORD09727,333270,591,Quality issue,09:18:00,09:58:00
2023-11-06,CUST086,ORD24465,458873,591,Quality issue,09:25:00,09:45:00
2024-12-15,CUST065,ORD14087,374401,391,Quality issue,11:08:00,11:48:00
2024-07-23,CUST057,ORD00154,105386,394,Incorrect item,10:00:00,10:39:00
2022-03-24,CUST001,ORD01615,530915,19,Incorrect item,13:25:00,13:51:00
2022-09-15,CUST061,ORD10237,596220,123,Temperature issue,13:13:00,13:52:00
2024-10-13,CUST052,ORD19945,494259,39,Incorrect item,13:28:00,13:58:00
2023-08-14,CUST055,ORD04016,670424,210,Low shelf life,11:06:00,11:41:00
2023-06-09,CUST085,ORD03065,135686,545,Quality issue,09:45:00,10:13:00
2023-05-12,CUST005,ORD18762,767630,414,Quality issue,11:52:00,12:30:00
2022-08-22,CUST001,ORD21178,312701,153,Low shelf life,12:51:00,13:25:00
2022-02-08,CUST034,ORD13419,765440,452,Low shelf life,13:07:00,13:41:00
2023-07-13,CUST017,ORD18455,277336,147,Temperature issue,10:52:00,11:19:00
2024-03-01,CUST052,ORD09571,475484,346,Incorrect item,12:08:00,12:43:00
2023-09-07,CUST067,ORD11001,649305,306,Quality issue,09:52:00,10:28:00
2022-05-11,CUST074,ORD08801,202739,253,Quality issue,09:27:00,10:06:00
2022-03-18,CUST006,ORD07064,686351,152,Incorrect item,10:31:00,11:05:00
2023-03-20,CUST038,ORD00594,889293,455,Incorrect item,14:11:00,14:33:00
2023-05-29,CUST091,ORD16799,286229,344,Temperature issue,11:02:00,11:40:00
2023-05-04,CUST038,ORD08178,714543,599,Quality issue,09:40:00,10:15:00
2023-11-22,CUST044,ORD17075,207196,346,Temperature issue,09:22:00,09:59:00
2022-12-01,CUST076,ORD08216,512005,278,Quality issue,11:53:00,12:18:00
2024-12-20,CUST030,ORD15265,568380,70,Quality issue,13:37:00,14:14:00
2024-09-13,CUST009,ORD07804,186766,392,Incorrect item,09:25:00,09:59:00
2024-10-27,CUST041,ORD21062,545753,56,Quality issue,12:01:00,12:29:00
2023-03-09,CUST075,ORD08410,996227,45,Temperature issue,10:49:00,11:17:00
2022-08-19,CUST098,ORD10652,765525,858,Low shelf life,12:01:00,12:34:00
2022-07-26,CUST071,ORD11357,970236,372,Temperature issue,11:07:00,11:44:00
2022-10-17,CUST096,ORD15635,288308,17,Quality issue,11:49:00,12:28:00
2023-12-11,CUST032,ORD10301,360743,349,Temperature issue,12:34:00,12:58:00
2024-12-23,CUST024,ORD07117,325883,435,Incorrect item,11:59:00,12:27:00
2023-10-09,CUST044,ORD24026,158212,694,Temperature issue,12:49:00,13:13:00
2023-03-30,CUST006,ORD20143,443409,437,Incorrect item,11:17:00,11:57:00
2023-02-16,CUST042,ORD05388,683225,184,Incorrect item,13:45:00,14:22:00
2022-07-31,CUST067,ORD20246,303948,729,Incorrect item,11:51:00,12:16:00
2024-08-12,CUST040,ORD01633,924997,327,Low shelf life,14:37:00,14:58:00
2023-12-24,CUST092,ORD01380,760151,108,Quality issue,13:35:00,14:06:00
2022-03-18,CUST097,ORD03641,206921,156,Quality issue,10:36:00,11:09:00
2022-12-10,CUST086,ORD00159,257075,46,Low shelf life,14:07:00,14:37:00
2022-03-21,CUST053,ORD09927,398671,7,Incorrect item,10:53:00,11:27:00
2022-05-23,CUST012,ORD11677,337705,104,Temperature issue,12:21:00,12:59:00
2023-06-09,CUST041,ORD09496,121512,83,Low shelf life,11:19:00,11:47:00
2022-01-08,CUST000,ORD00491,585758,363,Quality issue,12:50:00,13:23:00
2024-04-22,CUST096,ORD11485,903363,699,Quality issue,12:47:00,13:19:00
2022-04-22,CUST024,ORD00331,105242,49,Low shelf life,14:45:00,15:21:00
2022-06-07,CUST010,ORD24864,393806,39,Temperature issue,10:28:00,11:02:00
2024-01-19,CUST063,ORD12696,690861,180,Incorrect item,10:37:00,11:03:00
2022-10-05,CUST014,ORD16576,859746,139,Temperature issue,10:54:00,11:22:00
2023-07-14,CUST016,ORD03221,857828,245,Low shelf life,14:48:00,15:13:00
2024-01-23,CUST027,ORD00667,518340,734,Temperature issue,10:04:00,10:24:00
2022-09-20,CUST044,ORD03523,810607,449,Temperature issue,13:33:00,14:12:00
2022-04-23,CUST066,ORD20154,251344,789,Incorrect item,13:35:00,14:01:00
2023-02-07,CUST011,ORD19161,781158,492,Low shelf life,14:46:00,15:13:00
2023-03-16,CUST010,ORD07140,884460,436,Incorrect item,14:08:00,14:33:00
2023-07-17,CUST046,ORD19023,924970,10,Incorrect item,09:56:00,10:27:00
2023-01-25,CUST046,ORD13178,869908,2,Temperature issue,11:51:00,12:30:00
2022-12-28,CUST036,ORD17968,649305,230,Temperature issue,09:10:00,09:43:00
2022-06-25,CUST033,ORD01982,186766,75,Quality issue,11:52:00,12:26:00
2022-12-09,CUST088,ORD21312,288308,411,Temperature issue,09:26:00,10:01:00
2023-07-17,CUST020,ORD01755,802044,126,Low shelf life,11:32:00,11:54:00
2022-09-27,CUST087,ORD07216,579866,326,Temperature issue,11:15:00,11:43:00
2023-08-07,CUST014,ORD05373,735907,318,Temperature issue,11:44:00,12:19:00
2023-08-27,CUST028,ORD10474,828370,384,Temperature issue,14:36:00,15:10:00
2023-07-27,CUST051,ORD24405,963044,55,Incorrect item,12:00:00,12:35:00
2023-11-23,CUST016,ORD01083,286592,10,Low shelf life,12:14:00,12:43:00
2024-09-11,CUST010,ORD00911,470894,27,Temperature issue,13:46:00,14:14:00
2023-01-31,CUST096,ORD12063,165567,189,Quality issue,14:26:00,15:05:00
2023-05-15,CUST023,ORD22797,380158,554,Low shelf life,14:33:00,15:03:00
2024-05-19,CUST000,ORD07083,720125,755,Low shelf life,14:56:00,15:24:00
2022-04-08,CUST033,ORD20867,891616,814,Quality issue,11:33:00,11:59:00
2022-05-05,CUST090,ORD22954,405382,2,Low shelf life,09:45:00,10:05:00
2024-11-23,CUST051,ORD22665,312701,499,Temperature issue,09:38:00,09:59:00
2024-04-06,CUST011,ORD17119,478486,712,Temperature issue,12:57:00,13:21:00
2024-03-06,CUST005,ORD19903,432010,44,Incorrect item,14:16:00,14:50:00
2022-02-20,CUST035,ORD01371,847938,10,Temperature issue,14:46:00,15:07:00
2023-05-22,CUST006,ORD06002,583015,34,Low shelf life,13:02:00,13:33:00
2024-01-05,CUST074,ORD19141,125091,1,Quality issue,13:58:00,14:34:00
2024-06-25,CUST065,ORD12412,431677,149,Incorrect item,11:35:00,11:55:00
2024-02-11,CUST018,ORD21924,582530,234,Temperature issue,14:52:00,15:12:00
2024-12-24,CUST003,ORD11105,224061,223,Incorrect item,14:04:00,14:31:00
2023-10-05,CUST063,ORD10606,720919,448,Incorrect item,12:42:00,13:19:00
2024-03-15,CUST003,ORD24338,632183,224,Low shelf life,12:56:00,13:21:00
2024-01-29,CUST020,ORD10436,282771,734,Incorrect item,14:59:00,15:21:00
2023-07-28,CUST087,ORD23417,753811,759,Incorrect item,12:29:00,13:06:00
2023-01-11,CUST045,ORD07807,891288,108,Incorrect item,10:38:00,11:15:00
2022-01-13,CUST067,ORD23019,233069,101,Low shelf life,11:14:00,11:42:00
2022-03-30,CUST022,ORD19119,488682,84,Low shelf life,13:39:00,14:08:00
2022-10-22,CUST032,ORD06992,868688,32,Low shelf life,11:15:00,11:39:00
2023-11-02,CUST018,ORD04186,530904,97,Low shelf life,12:49:00,13:13:00
2023-05-24,CUST076,ORD23115,553150,8,Low shelf life,13:34:00,14:04:00
2022-05-27,CUST049,ORD13442,254537,698,Incorrect item,11:46:00,12:20:00
2022-08-04,CUST062,ORD15796,215336,189,Incorrect item,10:13:00,10:37:00
2024-01-13,CUST008,ORD20411,325839,288,Incorrect item,14:35:00,14:55:00
2022-06-04,CUST026,ORD16897,753811,363,Incorrect item,11:08:00,11:32:00
2024-10-18,CUST069,ORD04601,421354,158,Incorrect item,12:03:00,12:35:00
2023-01-23,CUST076,ORD07691,419903,6,Quality issue,09:54:00,10:30:00
2023-10-03,CUST036,ORD01019,580932,306,Quality issue,14:24:00,14:48:00
2024-02-18,CUST033,ORD05417,791453,263,Temperature issue,10:13:00,10:33:00
2023-10-08,CUST011,ORD07339,973013,49,Incorrect item,13:28:00,13:55:00
2022-12-04,CUST007,ORD06524,482540,352,Quality issue,11:38:00,12:06:00
2024-09-27,CUST046,ORD04245,806367,560,Incorrect item,12:08:00,12:48:00
2024-07-07,CUST010,ORD14863,411177,148,Low shelf life,10:41:00,11:21:00
2023-03-23,CUST094,ORD21130,675369,101,Low shelf life,14:25:00,14:56:00
2023-07-17,CUST043,ORD17588,173215,24,Quality issue,13:29:00,13:52:00
2023-11-12,CUST071,ORD19556,961663,50,Low shelf life,10:14:00,10:36:00
2022-09-22,CUST007,ORD21281,880654,207,Incorrect item,13:18:00,13:49:00
2023-06-10,CUST036,ORD22229,772299,29,Low shelf life,11:37:00,12:15:00
2023-01-07,CUST069,ORD04867,476035,215,Quality issue,12:53:00,13:22:00
2023-08-30,CUST021,ORD09781,946171,75,Quality issue,14:58:00,15:19:00
2024-04-08,CUST055,ORD20584,770551,821,Temperature issue,12:36:00,13:15:00
2024-11-18,CUST011,ORD07716,746309,7,Low shelf life,12:36:00,12:59:00
2022-05-19,CUST094,ORD08639,243285,644,Quality issue,14:11:00,14:49:00
2024-08-29,CUST059,ORD24022,924997,8,Temperature issue,13:07:00,13:44:00
2022-01-30,CUST044,ORD09081,976864,339,Low shelf life,11:20:00,11:52:00
2024-02-16,CUST013,ORD03515,104713,377,Quality issue,11:54:00,12:27:00
2024-02-04,CUST075,ORD03925,735907,297,Incorrect item,13:25:00,13:57:00
2022-11-09,CUST052,ORD16671,748776,155,Incorrect item,10:32:00,11:01:00
2023-07-23,CUST078,ORD07524,434079,769,Quality issue,13:52:00,14:27:00
2024-04-07,CUST051,ORD10447,186766,108,Incorrect item,12:52:00,13:32:00
2022-03-26,CUST085,ORD12032,364638,10,Incorrect item,10:53:00,11:24:00
2023-03-18,CUST017,ORD13034,580640,45,Quality issue,10:28:00,11:03:00
2022-11-11,CUST047,ORD02670,869681,2,Temperature issue,10:03:00,10:24:00
2024-09-22,CUST082,ORD10811,215336,3,Low shelf life,14:33:00,14:54:00
2024-08-12,CUST062,ORD08168,110199,34,Low shelf life,09:56:00,10:19:00
2023-05-09,CUST094,ORD08502,764263,14,Temperature issue,13:27:00,14:04:00
2024-02-03,CUST045,ORD19169,584918,72,Incorrect item,10:06:00,10:37:00
2022-07-16,CUST077,ORD18319,435709,67,Quality issue,12:12:00,12:39:00
2023-11-18,CUST070,ORD21296,188885,78,Low shelf life,12:41:00,13:11:00
2022-02-27,CUST030,ORD06330,535525,4,Low shelf life,10:58:00,11:26:00
2024-01-31,CUST026,ORD23021,465152,105,Quality issue,11:27:00,11:59:00
2023-03-20,CUST073,ORD22844,765525,16,Quality issue,12:29:00,12:51:00
2023-01-02,CUST077,ORD10625,308386,302,Low shelf life,09:52:00,10:16:00
2022-12-05,CUST098,ORD18255,670424,163,Incorrect item,11:23:00,11:49:00
2022-12-14,CUST034,ORD08818,424805,69,Quality issue,10:09:00,10:38:00
2023-09-16,CUST047,ORD12532,949599,259,Incorrect item,12:21:00,13:01:00
2024-11-05,CUST083,ORD24766,807634,592,Temperature issue,09:19:00,09:48:00
2023-05-26,CUST049,ORD07428,641570,28,Low shelf life,12:18:00,12:55:00
2023-07-16,CUST068,ORD11115,169493,193,Low shelf life,11:36:00,12:15:00
2024-03-23,CUST046,ORD19780,606313,520,Quality issue,10:50:00,11:11:00
2022-09-07,CUST094,ORD18135,327678,40,Temperature issue,11:34:00,12:11:00
2022-06-04,CUST064,ORD20676,414457,133,Incorrect item,11:40:00,12:12:00
2022-05-17,CUST092,ORD14413,413495,377,Quality issue,14:33:00,14:59:00
2022-10-07,CUST013,ORD17558,791453,72,Quality issue,12:22:00,13:01:00
2024-09-15,CUST058,ORD22539,970236,768,Low shelf life,13:20:00,13:56:00
2022-01-30,CUST083,ORD03913,342028,69,Quality issue,09:46:00,10:17:00
2023-03-26,CUST085,ORD02762,580932,28,Quality issue,09:35:00,10:07:00
2022-04-10,CUST051,ORD13435,269863,168,Quality issue,12:33:00,12:56:00
2023-10-20,CUST044,ORD16949,996227,344,Incorrect item,14:09:00,14:49:00
2024-08-23,CUST013,ORD01531,813611,141,Incorrect item,11:01:00,11:25:00
2024-02-21,CUST055,ORD15040,193500,12,Low shelf life,11:28:00,12:06:00
2023-12-19,CUST045,ORD11237,862288,6,Quality issue,14:39:00,15:03:00
2022-03-12,CUST087,ORD15388,720239,871,Incorrect item,09:19:00,09:52:00
2024-01-16,CUST005,ORD03042,398671,675,Quality issue,11:24:00,11:50:00
2024-02-26,CUST069,ORD09023,719004,27,Low shelf life,11:37:00,11:59:00
2024-01-18,CUST085,ORD14271,181242,207,Incorrect item,14:54:00,15:18:00
2024-05-15,CUST060,ORD10573,160969,42,Temperature issue,11:42:00,12:08:00
2023-06-04,CUST037,ORD07622,599775,317,Temperature issue,10:18:00,10:40:00
2023-11-06,CUST016,ORD09086,949853,24,Low shelf life,11:05:00,11:40:00
2024-06-03,CUST099,ORD04245,186200,606,Temperature issue,14:35:00,15:03:00
2024-07-09,CUST015,ORD13690,269863,35,Quality issue,12:18:00,12:49:00
2024-12-30,CUST053,ORD10964,812169,262,Low shelf life,13:05:00,13:43:00
2023-11-16,CUST055,ORD06537,679022,42,Low shelf life,11:54:00,12:21:00
2023-10-24,CUST027,ORD15162,416170,406,Temperature issue,14:28:00,14:59:00
2023-07-25,CUST000,ORD04124,504555,32,Quality issue,13:27:00,14:06:00
2023-11-04,CUST054,ORD08319,418774,245,Incorrect item,14:08:00,14:37:00
2023-04-03,CUST038,ORD04125,325923,380,Temperature issue,14:42:00,15:12:00
2024-07-23,CUST074,ORD04061,371109,397,Temperature issue,10:31:00,11:07:00
2024-11-25,CUST022,ORD12122,413053,173,Incorrect item,10:24:00,10:55:00
2022-08-30,CUST089,ORD22121,111163,29,Low shelf life,13:23:00,13:43:00
2024-12-28,CUST082,ORD16198,123992,101,Quality issue,13:45:00,14:14:00
2022-09-19,CUST074,ORD23128,279775,93,Low shelf life,10:46:00,11:07:00
2024-10-12,CUST058,ORD24382,317161,387,Low shelf life,09:33:00,10:02:00
2024-02-02,CUST022,ORD00182,841129,563,Quality issue,13:36:00,14:02:00
2024-01-23,CUST021,ORD09711,336238,247,Quality issue,11:42:00,12:02:00
2022-04-29,CUST076,ORD04175,371109,14,Temperature issue,13:55:00,14:21:00
2022-07-11,CUST002,ORD00133,368560,245,Incorrect item,10:58:00,11:37:00
2022-10-19,CUST008,ORD13128,293854,61,Low shelf life,13:44:00,14:14:00
2023-01-23,CUST080,ORD08810,706256,155,Quality issue,09:12:00,09:43:00
2024-01-19,CUST085,ORD23811,796960,255,Low shelf life,09:25:00,09:47:00
2022-08-28,CUST090,ORD11499,508755,351,Incorrect item,13:56:00,14:23:00
2022-01-02,CUST079,ORD21111,997190,488,Low shelf life,12:34:00,13:09:00
2022-02-13,CUST033,ORD24524,398671,191,Quality issue,12:02:00,12:41:00
2023-04-29,CUST096,ORD23703,685718,830,Temperature issue,12:31:00,12:52:00
2023-10-02,CUST001,ORD22429,784784,203,Temperature issue,14:15:00,14:37:00
2024-04-15,CUST026,ORD02232,370562,758,Quality issue,12:47:00,13:09:00
2023-04-12,CUST006,ORD01778,173215,46,Low shelf life,12:53:00,13:22:00
2022-12-25,CUST083,ORD21017,504971,273,Temperature issue,13:02:00,13:42:00
2023-06-21,CUST070,ORD02527,111163,732,Temperature issue,14:30:00,14:54:00
2023-11-18,CUST047,ORD08869,261489,709,Quality issue,11:25:00,11:46:00
2022-08-30,CUST033,ORD06872,105386,8,Quality issue,10:05:00,10:30:00
2024-10-30,CUST067,ORD12242,922686,84,Low shelf life,12:37:00,13:00:00
2023-02-07,CUST091,ORD19307,702707,281,Low shelf life,09:46:00,10:19:00
2022-12-23,CUST090,ORD17151,452776,324,Quality issue,14:17:00,14:47:00
2022-06-20,CUST011,ORD05756,649807,138,Low shelf life,14:23:00,14:53:00
2024-03-22,CUST083,ORD01003,148157,16,Low shelf life,09:15:00,09:47:00
2024-08-27,CUST037,ORD19646,254496,87,Temperature issue,10:50:00,11:15:00
2024-04-07,CUST018,ORD07503,245992,85,Low shelf life,13:06:00,13:39:00
2023-05-08,CUST023,ORD09731,420100,88,Low shelf life,12:03:00,12:40:00
2023-09-25,CUST014,ORD10648,475851,98,Low shelf life,13:11:00,13:39:00
2022-06-17,CUST061,ORD20166,268791,48,Incorrect item,09:59:00,10:29:00
2024-02-21,CUST003,ORD06221,155677,37,Low shelf life,10:35:00,11:08:00
2023-08-07,CUST044,ORD24966,448594,554,Low shelf life,13:26:00,13:58:00
2024-11-09,CUST093,ORD15353,403058,464,Low shelf life,09:13:00,09:36:00
2022-04-05,CUST048,ORD11423,721043,506,Quality issue,12:46:00,13:10:00
2023-10-15,CUST038,ORD17756,224061,393,Quality issue,12:48:00,13:20:00
2023-05-08,CUST055,ORD14166,596200,225,Quality issue,09:16:00,09:51:00
2023-03-01,CUST095,ORD10611,969212,509,Quality issue,09:22:00,09:58:00
2024-05-20,CUST085,ORD08835,267900,159,Temperature issue,09:47:00,10:26:00
2024-04-11,CUST031,ORD02521,778840,310,Low shelf life,10:52:00,11:32:00
2024-10-20,CUST072,ORD21130,447400,240,Quality issue,13:49:00,14:24:00
2023-04-26,CUST050,ORD14754,597052,705,Low shelf life,10:52:00,11:26:00
2022-10-28,CUST082,ORD05608,353555,331,Temperature issue,14:58:00,15:38:00
2024-10-29,CUST000,ORD22097,103523,571,Quality issue,11:30:00,12:07:00
2023-01-31,CUST080,ORD14214,783660,310,Quality issue,14:54:00,15:19:00
2024-05-05,CUST019,ORD05816,467361,149,Temperature issue,14:42:00,15:04:00
2022-09-11,CUST029,ORD24509,404670,184,Temperature issue,11:25:00,11:57:00
2022-02-07,CUST095,ORD02712,563616,303,Quality issue,12:04:00,12:43:00
2023-04-28,CUST008,ORD24087,472358,418,Incorrect item,10:18:00,10:42:00
2024-10-15,CUST038,ORD05726,811385,130,Temperature issue,13:35:00,13:58:00
2024-08-14,CUST015,ORD05247,542632,26,Low shelf life,12:02:00,12:38:00
2024-07-07,CUST008,ORD13334,931062,131,Quality issue,13:54:00,14:33:00
2023-02-18,CUST076,ORD00334,252823,50,Incorrect item,10:32:00,10:56:00
2023-09-13,CUST097,ORD14501,706767,37,Low shelf life,09:51:00,10:18:00
2024-10-20,CUST056,ORD14729,472358,520,Temperature issue,09:51:00,10:20:00
2023-11-19,CUST092,ORD09301,360743,528,Incorrect item,10:45:00,11:14:00
2023-04-18,CUST046,ORD15404,915586,124,Low shelf life,10:21:00,10:43:00
2022-08-18,CUST000,ORD14016,407199,19,Quality issue,09:54:00,10:25:00
2022-06-12,CUST062,ORD16495,706767,141,Temperature issue,10:57:00,11:26:00
2023-09-25,CUST048,ORD19715,610235,78,Low shelf life,09:22:00,09:42:00
2023-06-04,CUST022,ORD15914,720404,787,Low shelf life,13:17:00,13:45:00
2022-05-15,CUST001,ORD00096,472851,163,Low shelf life,14:16:00,14:42:00
2022-05-22,CUST076,ORD11648,747939,108,Low shelf life,09:05:00,09:45:00
2022-08-01,CUST083,ORD20420,155245,33,Temperature issue,12:49:00,13:09:00
2022-09-27,CUST031,ORD24887,566472,677,Incorrect item,09:16:00,09:42:00
2023-07-20,CUST099,ORD00231,781897,285,Low shelf life,13:51:00,14:28:00
2023-09-06,CUST014,ORD02579,155245,8,Low shelf life,11:40:00,12:19:00
2024-06-06,CUST091,ORD23469,963152,169,Low shelf life,09:09:00,09:30:00
2023-07-10,CUST062,ORD08002,713947,54,Quality issue,10:10:00,10:35:00
2024-11-25,CUST022,ORD10916,873287,505,Low shelf life,10:05:00,10:30:00
2023-11-09,CUST041,ORD13556,706256,230,Temperature issue,12:20:00,12:47:00
2022-02-03,CUST059,ORD06665,544720,31,Temperature issue,09:38:00,09:58:00
2022-01-31,CUST003,ORD20992,667444,307,Incorrect item,10:35:00,10:55:00
2024-02-08,CUST004,ORD11442,242207,105,Low shelf life,14:21:00,14:59:00
2023-02-19,CUST031,ORD08739,839742,395,Temperature issue,10:31:00,11:01:00
2024-12-20,CUST058,ORD08783,621406,20,Incorrect item,10:52:00,11:16:00
2024-01-25,CUST071,ORD04134,410114,58,Quality issue,13:54:00,14:20:00
2024-02-27,CUST070,ORD24231,778154,13,Temperature issue,12:51:00,13:25:00
2022-03-16,CUST078,ORD12499,767154,162,Incorrect item,11:47:00,12:09:00
2022-05-02,CUST004,ORD04690,388820,684,Temperature issue,11:47:00,12:08:00
2023-06-24,CUST047,ORD13466,906524,44,Temperature issue,13:22:00,14:00:00
2024-12-16,CUST041,ORD20845,883896,57,Temperature issue,14:08:00,14:41:00
2022-08-22,CUST004,ORD12974,421354,613,Quality issue,11:28:00,11:48:00
2023-01-30,CUST005,ORD01460,853672,16,Quality issue,13:53:00,14:23:00
2022-11-20,CUST020,ORD18867,415020,480,Low shelf life,12:47:00,13:09:00
2022-04-19,CUST078,ORD22401,721043,47,Incorrect item,09:22:00,09:43:00
2022-11-25,CUST083,ORD15048,173474,213,Temperature issue,11:08:00,11:32:00
2023-02-01,CUST082,ORD10375,758566,381,Low shelf life,11:07:00,11:38:00
2023-11-17,CUST023,ORD15836,469834,76,Low shelf life,10:51:00,11:20:00
2022-12-13,CUST077,ORD11590,958326,69,Low shelf life,14:56:00,15:18:00
2022-07-10,CUST097,ORD09246,645185,6,Temperature issue,14:54:00,15:23:00
2022-11-28,CUST002,ORD12590,160219,893,Incorrect item,12:17:00,12:39:00
2022-07-14,CUST093,ORD20022,202739,34,Quality issue,13:16:00,13:51:00
2022-07-25,CUST063,ORD12745,235956,112,Low shelf life,09:26:00,09:54:00
2023-08-05,CUST095,ORD20749,467936,150,Temperature issue,09:25:00,09:49:00
2024-07-11,CUST080,ORD05268,817744,231,Temperature issue,14:05:00,14:25:00
2024-06-21,CUST042,ORD00741,393948,101,Quality issue,12:35:00,13:15:00
2023-12-22,CUST010,ORD18829,737717,278,Temperature issue,11:32:00,12:00:00
2024-06-14,CUST086,ORD23675,657804,368,Temperature issue,12:56:00,13:31:00
2024-05-23,CUST076,ORD06130,849554,151,Incorrect item,12:07:00,12:37:00
2024-01-23,CUST027,ORD12133,266952,173,Low shelf life,09:15:00,09:44:00
2022-01-15,CUST078,ORD20044,566472,167,Low shelf life,12:51:00,13:27:00
2022-12-16,CUST004,ORD10508,649807,47,Low shelf life,13:48:00,14:19:00
2023-06-04,CUST085,ORD02130,808866,166,Quality issue,12:51:00,13:21:00
2023-10-22,CUST090,ORD16777,611471,369,Low shelf life,11:50:00,12:13:00
2022-07-16,CUST065,ORD13744,494215,205,Incorrect item,09:21:00,09:55:00
2024-03-24,CUST085,ORD05247,293290,613,Incorrect item,10:28:00,10:48:00
2024-12-19,CUST067,ORD09131,982035,89,Incorrect item,11:00:00,11:28:00
2024-10-19,CUST071,ORD19391,483381,10,Temperature issue,13:47:00,14:27:00
2022-11-23,CUST034,ORD19084,790293,47,Quality issue,14:08:00,14:35:00
2022-07-08,CUST001,ORD04773,561191,142,Temperature issue,14:37:00,15:08:00
2023-10-24,CUST018,ORD18970,759243,20,Incorrect item,11:30:00,12:01:00
2023-09-19,CUST059,ORD24047,598283,143,Quality issue,14:42:00,15:13:00
2023-04-29,CUST013,ORD18256,216629,515,Low shelf life,14:50:00,15:22:00
2022-10-07,CUST051,ORD10742,381821,299,Low shelf life,14:45:00,15:06:00
2022-05-03,CUST045,ORD13286,200202,194,Incorrect item,10:18:00,10:58:00
2022-03-03,CUST042,ORD03984,359759,119,Quality issue,10:06:00,10:42:00
2022-11-18,CUST025,ORD12544,154183,143,Low shelf life,12:46:00,13:23:00
2022-11-15,CUST028,ORD16865,582530,260,Quality issue,11:59:00,12:39:00
2023-06-27,CUST081,ORD17631,566472,35,Quality issue,09:39:00,10:05:00
2022-02-19,CUST055,ORD16325,116721,102,Incorrect item,13:29:00,14:06:00
2022-11-01,CUST089,ORD14317,530115,110,Quality issue,13:23:00,14:02:00
2022-01-09,CUST091,ORD04277,194308,362,Temperature issue,12:08:00,12:28:00
2023-12-14,CUST037,ORD11626,565040,133,Low shelf life,13:19:00,13:53:00
2024-04-12,CUST069,ORD04430,381821,388,Temperature issue,13:24:00,13:56:00
2022-12-10,CUST022,ORD19230,399283,177,Low shelf life,14:52:00,15:31:00
2023-10-19,CUST020,ORD18160,790293,51,Quality issue,11:31:00,11:55:00
2022-04-18,CUST078,ORD12689,160969,20,Incorrect item,09:31:00,10:04:00
2022-03-24,CUST037,ORD23865,859651,257,Quality issue,12:25:00,12:48:00
2022-08-06,CUST020,ORD00038,781897,122,Quality issue,12:59:00,13:38:00
2023-01-17,CUST066,ORD06380,599775,605,Low shelf life,13:48:00,14:17:00
2022-03-22,CUST087,ORD09213,318200,22,Temperature issue,10:52:00,11:24:00
2022-01-18,CUST044,ORD05422,766627,205,Incorrect item,11:35:00,12:13:00
2023-07-01,CUST003,ORD21657,830849,78,Quality issue,13:25:00,13:58:00
2023-08-03,CUST000,ORD06516,683225,580,Temperature issue,13:56:00,14:17:00
2022-05-11,CUST055,ORD19946,107295,454,Temperature issue,09:39:00,10:13:00
2022-07-02,CUST096,ORD09024,830849,117,Incorrect item,12:57:00,13:20:00
2024-11-20,CUST068,ORD23921,427550,546,Incorrect item,12:42:00,13:04:00
2022-09-09,CUST087,ORD24941,167773,569,Low shelf life,13:49:00,14:21:00
2022-10-03,CUST077,ORD07007,893365,93,Quality issue,10:51:00,11:11:00
2024-03-19,CUST025,ORD13704,142044,146,Low shelf life,14:24:00,14:46:00
2024-05-08,CUST051,ORD00625,879903,15,Low shelf life,09:49:00,10:14:00
2024-08-03,CUST010,ORD11378,211512,87,Temperature issue,11:41:00,12:02:00
2023-08-23,CUST080,ORD22196,720125,475,Low shelf life,13:50:00,14:20:00
2023-09-05,CUST042,ORD03323,518340,214,Quality issue,09:18:00,09:53:00
2024-01-21,CUST074,ORD03458,431677,206,Incorrect item,11:16:00,11:43:00
2024-01-03,CUST071,ORD22869,186200,720,Low shelf life,09:20:00,09:56:00
2024-09-08,CUST059,ORD16644,763224,402,Temperature issue,11:42:00,12:13:00
2022-07-24,CUST058,ORD20847,825851,322,Temperature issue,12:18:00,12:58:00
2024-02-05,CUST049,ORD16774,393171,191,Temperature issue,13:59:00,14:33:00
2023-12-06,CUST092,ORD00565,261177,38,Low shelf life,10:21:00,10:55:00
2024-07-28,CUST003,ORD07520,399927,214,Quality issue,12:54:00,13:24:00
2024-12-30,CUST045,ORD11882,430556,342,Low shelf life,10:58:00,11:21:00
2024-03-28,CUST053,ORD07712,685718,569,Temperature issue,12:54:00,13:31:00
2024-12-30,CUST039,ORD02899,317805,209,Incorrect item,13:11:00,13:49:00
2022-09-07,CUST084,ORD05225,233069,11,Low shelf life,10:48:00,11:10:00
2024-02-19,CUST002,ORD13290,394187,316,Incorrect item,14:26:00,15:02:00
2023-02-23,CUST001,ORD11491,267900,101,Low shelf life,12:57:00,13:23:00
2023-11-23,CUST009,ORD24023,260405,408,Quality issue,13:55:00,14:23:00
2022-05-12,CUST015,ORD14003,279775,772,Incorrect item,12:29:00,13:00:00
2023-03-14,CUST084,ORD03015,906524,495,Quality issue,14:50:00,15:30:00
2022-08-09,CUST093,ORD12128,210772,138,Quality issue,12:57:00,13:36:00
2022-09-02,CUST088,ORD17804,288308,267,Quality issue,12:06:00,12:26:00
2023-08-01,CUST073,ORD20718,395238,525,Temperature issue,14:00:00,14:29:00
2023-04-01,CUST086,ORD10133,832216,174,Quality issue,09:05:00,09:45:00
2023-07-29,CUST044,ORD12480,977674,443,Quality issue,13:44:00,14:15:00
2024-05-23,CUST031,ORD17147,173474,468,Quality issue,10:49:00,11:24:00
2022-01-15,CUST055,ORD19798,766632,433,Quality issue,10:22:00,10:51:00
2023-02-25,CUST059,ORD21936,488682,88,Temperature issue,09:33:00,10:01:00
2022-10-21,CUST090,ORD01673,743491,161,Low shelf life,10:31:00,10:53:00
2024-06-03,CUST017,ORD24653,241688,405,Low shelf life,13:30:00,14:06:00
2023-07-13,CUST020,ORD11974,245992,573,Low shelf life,10:16:00,10:44:00
2023-10-19,CUST095,ORD21182,269863,20,Quality issue,13:11:00,13:39:00
2024-04-13,CUST095,ORD23253,353923,208,Low shelf life,12:50:00,13:24:00
2024-12-02,CUST088,ORD02629,668325,519,Quality issue,09:56:00,10:16:00
2023-06-03,CUST056,ORD24056,885847,430,Low shelf life,12:30:00,12:56:00
2024-11-02,CUST030,ORD01386,931062,254,Incorrect item,11:11:00,11:47:00
2022-04-12,CUST040,ORD16533,248610,423,Quality issue,14:33:00,15:07:00
2022-01-30,CUST064,ORD20073,580932,235,Incorrect item,11:02:00,11:24:00
2024-12-05,CUST036,ORD11575,621406,184,Low shelf life,09:44:00,10:23:00
2024-04-04,CUST066,ORD14219,125161,293,Quality issue,10:21:00,10:52:00
2022-07-08,CUST096,ORD22445,954777,209,Incorrect item,13:59:00,14:28:00
2023-10-10,CUST015,ORD05929,439449,408,Quality issue,10:31:00,10:54:00
2023-11-19,CUST084,ORD11876,737107,674,Incorrect item,11:34:00,12:03:00
2024-01-19,CUST057,ORD22418,823071,275,Low shelf life,10:49:00,11:21:00
2023-11-10,CUST027,ORD07293,487193,348,Quality issue,13:10:00,13:36:00
2023-02-11,CUST043,ORD14534,463376,118,Quality issue,10:31:00,11:02:00
2023-03-28,CUST070,ORD11631,830829,307,Quality issue,09:05:00,09:35:00
2024-01-03,CUST084,ORD04643,712933,268,Temperature issue,14:52:00,15:14:00
2024-08-07,CUST002,ORD06742,670424,955,Temperature issue,12:20:00,12:53:00
2024-08-16,CUST023,ORD17307,726756,51,Incorrect item,14:50:00,15:21:00
2024-12-22,CUST016,ORD03116,453351,305,Incorrect item,09:32:00,10:05:00
2022-05-10,CUST097,ORD16709,534059,255,Quality issue,11:09:00,11:37:00
2024-07-26,CUST074,ORD02468,585758,9,Temperature issue,13:27:00,13:50:00
2024-01-14,CUST019,ORD08371,763224,395,Low shelf life,09:18:00,09:42:00
2024-06-23,CUST005,ORD01748,841129,15,Quality issue,14:39:00,15:00:00
2022-03-15,CUST092,ORD10150,799601,154,Low shelf life,11:30:00,12:08:00
2024-12-29,CUST024,ORD15511,973817,432,Quality issue,10:55:00,11:15:00
2023-07-18,CUST086,ORD11856,430556,11,Low shelf life,10:30:00,11:07:00
2024-10-26,CUST094,ORD17585,190134,65,Low shelf life,10:21:00,10:49:00
2022-04-06,CUST017,ORD10767,286592,20,Quality issue,09:29:00,10:08:00
2023-07-30,CUST067,ORD19884,136021,101,Temperature issue,11:09:00,11:40:00
2023-12-16,CUST002,ORD19492,790966,250,Quality issue,13:19:00,13:52:00
2024-10-31,CUST078,ORD16572,973013,562,Incorrect item,10:49:00,11:16:00
2023-12-27,CUST053,ORD13882,781158,152,Temperature issue,13:27:00,14:04:00
2023-08-23,CUST086,ORD14602,904741,278,Incorrect item,11:16:00,11:49:00
2023-05-03,CUST027,ORD18689,221001,11,Temperature issue,11:50:00,12:29:00
2024-12-08,CUST042,ORD08175,582530,3,Temperature issue,12:21:00,12:45:00
2023-01-26,CUST069,ORD17588,755808,2,Low shelf life,11:16:00,11:43:00
2023-10-30,CUST021,ORD11445,811385,32,Quality issue,11:14:00,11:52:00
2024-01-08,CUST078,ORD20632,611588,431,Incorrect item,13:41:00,14:04:00
2022-06-04,CUST083,ORD04849,735907,541,Quality issue,10:16:00,10:37:00
2023-04-03,CUST020,ORD04497,167773,131,Temperature issue,09:18:00,09:51:00
2024-10-06,CUST047,ORD20260,197927,761,Temperature issue,10:37:00,11:04:00
2022-09-22,CUST044,ORD20962,879341,20,Low shelf life,13:35:00,14:00:00
2023-01-25,CUST062,ORD20273,903363,181,Temperature issue,11:23:00,12:03:00
2023-05-27,CUST009,ORD20395,149870,80,Low shelf life,12:04:00,12:44:00
2022-12-23,CUST025,ORD12905,488682,205,Low shelf life,11:29:00,12:00:00
2022-12-13,CUST072,ORD13639,683414,727,Incorrect item,14:34:00,15:00:00
2024-10-28,CUST016,ORD14306,596200,354,Low shelf life,12:04:00,12:43:00
2022-04-05,CUST006,ORD02514,984115,42,Temperature issue,13:16:00,13:40:00
2022-10-27,CUST071,ORD02218,624784,60,Temperature issue,11:03:00,11:42:00
2022-11-16,CUST083,ORD13913,981868,592,Low shelf life,14:27:00,14:57:00
2023-09-21,CUST027,ORD20772,456962,290,Low shelf life,11:21:00,11:43:00
2023-04-16,CUST001,ORD23215,202337,728,Quality issue,13:23:00,13:51:00
2024-05-08,CUST014,ORD03426,739096,19,Incorrect item,10:41:00,11:12:00
2024-09-08,CUST062,ORD17545,841597,182,Incorrect item,10:10:00,10:35:00
2022-04-17,CUST003,ORD11328,231832,651,Low shelf life,14:10:00,14:47:00
2022-12-30,CUST043,ORD19211,678974,127,Quality issue,11:51:00,12:12:00
2024-03-25,CUST086,ORD08490,853672,10,Temperature issue,10:15:00,10:51:00
2022-02-25,CUST023,ORD07000,690861,37,Low shelf life,14:58:00,15:19:00
2023-03-30,CUST076,ORD23774,703661,31,Incorrect item,09:03:00,09:31:00
2024-02-01,CUST083,ORD03918,819930,270,Incorrect item,10:25:00,10:54:00
2023-09-17,CUST097,ORD10835,427093,832,Quality issue,14:11:00,14:40:00
2024-07-19,CUST028,ORD03839,900838,534,Incorrect item,13:35:00,14:12:00
2022-12-02,CUST044,ORD15307,904741,52,Incorrect item,09:21:00,10:00:00
2023-09-19,CUST025,ORD15072,234747,69,Quality issue,11:18:00,11:50:00
2024-06-21,CUST030,ORD18014,483381,22,Quality issue,13:24:00,13:59:00
2024-09-23,CUST056,ORD00259,492320,258,Low shelf life,12:44:00,13:07:00
2023-01-07,CUST022,ORD10920,687888,333,Incorrect item,09:07:00,09:40:00
2023-03-09,CUST051,ORD21733,293939,187,Low shelf life,13:52:00,14:20:00
2024-09-03,CUST093,ORD02339,563669,61,Quality issue,12:47:00,13:12:00
2022-02-10,CUST066,ORD01858,993757,305,Quality issue,13:08:00,13:30:00
2022-01-04,CUST015,ORD17184,576263,85,Incorrect item,09:16:00,09:47:00
2024-08-08,CUST052,ORD06135,841129,208,Temperature issue,14:46:00,15:11:00
2023-01-04,CUST030,ORD18751,656716,67,Quality issue,12:21:00,12:47:00
2024-05-25,CUST018,ORD23495,317805,551,Temperature issue,13:47:00,14:12:00
2023-07-26,CUST052,ORD24488,469834,283,Quality issue,11:04:00,11:42:00
2022-05-25,CUST060,ORD21728,737329,244,Temperature issue,09:49:00,10:10:00
2023-12-30,CUST072,ORD06434,268791,66,Temperature issue,13:52:00,14:18:00
2022-04-24,CUST004,ORD16375,864680,28,Temperature issue,09:32:00,09:56:00
2023-01-30,CUST098,ORD20534,597052,305,Incorrect item,09:24:00,09:46:00
2023-03-16,CUST094,ORD11318,552703,40,Low shelf life,12:23:00,12:49:00
2024-01-20,CUST015,ORD23817,456962,13,Temperature issue,13:32:00,13:54:00
2024-07-24,CUST030,ORD06015,759243,677,Quality issue,13:51:00,14:20:00
2024-03-24,CUST075,ORD12527,105964,235,Incorrect item,10:00:00,10:37:00
2024-02-02,CUST083,ORD15556,490601,27,Temperature issue,09:22:00,09:55:00
2024-01-15,CUST044,ORD08536,380198,276,Quality issue,14:26:00,15:05:00
2022-09-06,CUST022,ORD00711,665713,267,Temperature issue,13:25:00,13:45:00
2022-06-12,CUST042,ORD07441,747939,47,Quality issue,14:09:00,14:37:00
2024-02-17,CUST038,ORD18591,332104,349,Temperature issue,10:26:00,11:03:00
2023-07-05,CUST017,ORD06420,792097,342,Low shelf life,14:58:00,15:28:00
2023-04-15,CUST046,ORD14264,987868,280,Incorrect item,09:44:00,10:24:00
2023-10-23,CUST072,ORD18799,938736,250,Temperature issue,11:14:00,11:47:00
2022-06-27,CUST032,ORD13496,949310,533,Low shelf life,10:22:00,10:45:00
2024-08-29,CUST010,ORD04972,811385,76,Low shelf life,09:58:00,10:24:00
2022-05-14,CUST044,ORD06298,293939,196,Incorrect item,13:39:00,14:08:00
2023-08-09,CUST082,ORD18997,432548,392,Quality issue,12:46:00,13:10:00
2024-04-27,CUST081,ORD14406,820291,638,Quality issue,12:46:00,13:07:00
2022-08-09,CUST010,ORD13554,565040,685,Incorrect item,10:07:00,10:45:00
2024-06-07,CUST064,ORD20447,840938,41,Low shelf life,14:51:00,15:29:00
2022-11-18,CUST097,ORD22373,936723,349,Temperature issue,12:18:00,12:50:00
2024-05-21,CUST035,ORD00230,949599,48,Quality issue,13:56:00,14:25:00
2023-02-19,CUST091,ORD00618,938009,87,Incorrect item,11:01:00,11:33:00
2024-05-31,CUST080,ORD21338,405382,54,Incorrect item,12:50:00,13:14:00
2022-08-04,CUST049,ORD09922,450479,220,Low shelf life,11:26:00,12:06:00
2024-02-05,CUST064,ORD19299,551699,318,Quality issue,10:57:00,11:31:00
2024-12-12,CUST043,ORD09690,167757,195,Quality issue,10:44:00,11:04:00
2023-11-12,CUST077,ORD09231,681468,175,Incorrect item,14:30:00,14:54:00
2023-10-27,CUST040,ORD19289,902777,131,Incorrect item,09:04:00,09:27:00
2024-08-05,CUST032,ORD03370,946171,388,Incorrect item,10:56:00,11:28:00
2023-08-24,CUST014,ORD08987,902777,685,Temperature issue,09:36:00,10:00:00
2023-06-01,CUST094,ORD18517,603096,623,Temperature issue,12:39:00,13:07:00
2024-06-15,CUST024,ORD15916,543372,24,Quality issue,14:43:00,15:17:00
2022-09-26,CUST066,ORD12869,174257,35,Temperature issue,13:53:00,14:14:00
2024-09-26,CUST034,ORD21485,830849,833,Quality issue,12:56:00,13:35:00
2022-05-14,CUST039,ORD06854,317997,288,Quality issue,11:15:00,11:53:00
2023-11-02,CUST004,ORD14134,752082,31,Quality issue,09:09:00,09:34:00
2024-05-25,CUST075,ORD24667,663813,586,Incorrect item,13:25:00,13:47:00
2023-04-22,CUST008,ORD19642,472627,445,Low shelf life,10:40:00,11:17:00
2023-01-07,CUST088,ORD06000,874508,300,Quality issue,13:30:00,13:54:00
2022-06-26,CUST015,ORD02198,372529,37,Temperature issue,11:40:00,12:11:00
2024-07-18,CUST021,ORD23668,897131,593,Quality issue,13:26:00,13:59:00
2023-01-23,CUST069,ORD07068,581157,324,Temperature issue,12:57:00,13:24:00
2022-04-09,CUST076,ORD00600,597052,813,Incorrect item,11:12:00,11:51:00
2024-05-29,CUST004,ORD10911,351753,63,Quality issue,12:38:00,13:11:00
2022-01-02,CUST071,ORD19371,567263,308,Incorrect item,11:51:00,12:12:00
2023-08-25,CUST095,ORD16923,173215,91,Temperature issue,10:00:00,10:39:00
2024-08-01,CUST075,ORD03906,550204,5,Temperature issue,14:10:00,14:30:00
2023-07-04,CUST085,ORD09517,186766,104,Low shelf life,09:47:00,10:13:00
2024-05-07,CUST025,ORD09054,847938,5,Quality issue,09:52:00,10:12:00
2022-07-25,CUST009,ORD16915,720404,120,Temperature issue,12:23:00,12:56:00
2024-03-15,CUST024,ORD19332,293290,377,Quality issue,12:58:00,13:31:00
2024-06-06,CUST035,ORD08300,796576,168,Low shelf life,13:01:00,13:29:00
2023-12-10,CUST088,ORD03182,575671,198,Temperature issue,14:01:00,14:24:00
2024-05-22,CUST049,ORD05244,285661,4,Temperature issue,10:04:00,10:40:00
2024-04-13,CUST017,ORD14511,690495,383,Temperature issue,14:11:00,14:35:00
2022-06-17,CUST024,ORD11872,839742,18,Quality issue,14:41:00,15:05:00
2022-09-29,CUST086,ORD07961,712933,438,Quality issue,11:26:00,11:54:00
2023-06-16,CUST022,ORD16087,645185,147,Temperature issue,13:54:00,14:24:00
2022-05-27,CUST082,ORD23301,562012,8,Temperature issue,09:19:00,09:49:00
2022-11-03,CUST010,ORD00694,889293,357,Temperature issue,13:17:00,13:44:00
2024-03-29,CUST094,ORD14599,181242,373,Low shelf life,10:54:00,11:34:00
2023-09-10,CUST010,ORD07653,918625,363,Incorrect item,09:30:00,09:58:00
2023-05-02,CUST056,ORD20414,948849,279,Low shelf life,14:20:00,14:56:00
2022-03-16,CUST007,ORD20592,250464,209,Low shelf life,12:32:00,12:56:00
2024-01-24,CUST084,ORD12894,954777,704,Quality issue,10:31:00,11:11:00
2023-11-29,CUST045,ORD06606,296533,54,Incorrect item,13:48:00,14:19:00
2023-02-20,CUST032,ORD13272,252350,138,Low shelf life,14:31:00,15:10:00
2023-09-25,CUST024,ORD00211,317161,106,Quality issue,10:14:00,10:50:00
2023-08-14,CUST030,ORD14305,938845,420,Temperature issue,10:46:00,11:20:00
2023-02-22,CUST066,ORD17413,812169,15,Low shelf life,12:27:00,12:48:00
2024-03-30,CUST044,ORD23491,380158,175,Incorrect item,10:58:00,11:24:00
2022-05-25,CUST039,ORD04292,414457,313,Temperature issue,12:55:00,13:19:00
2022-09-18,CUST065,ORD08973,743129,81,Incorrect item,13:53:00,14:21:00
2024-08-09,CUST083,ORD14064,690861,747,Low shelf life,09:05:00,09:44:00
2023-08-21,CUST036,ORD10516,732913,208,Low shelf life,11:44:00,12:18:00
2022-01-07,CUST045,ORD16400,984115,67,Low shelf life,14:48:00,15:21:00
2022-01-20,CUST010,ORD02880,586027,89,Incorrect item,13:00:00,13:35:00
2023-02-08,CUST020,ORD09817,688984,227,Low shelf life,10:05:00,10:28:00
2023-04-30,CUST032,ORD20193,494215,720,Incorrect item,11:37:00,11:58:00
2023-11-20,CUST007,ORD16223,686351,175,Quality issue,13:20:00,13:41:00
2024-05-09,CUST064,ORD24032,133805,52,Incorrect item,11:22:00,11:46:00
2023-01-05,CUST029,ORD06693,795085,449,Temperature issue,09:34:00,09:59:00
2022-01-29,CUST023,ORD06793,154741,110,Incorrect item,11:26:00,11:46:00
2023-06-20,CUST024,ORD05126,399927,203,Temperature issue,11:02:00,11:23:00
2023-07-15,CUST012,ORD00993,286440,233,Low shelf life,10:32:00,11:04:00
2022-04-18,CUST053,ORD12708,665713,367,Incorrect item,14:12:00,14:45:00
2023-10-09,CUST096,ORD23620,173408,218,Quality issue,12:48:00,13:21:00
2023-08-31,CUST017,ORD21161,620615,41,Temperature issue,13:05:00,13:36:00
2023-10-10,CUST013,ORD13186,944462,449,Quality issue,13:13:00,13:53:00
2024-03-26,CUST062,ORD11428,904741,515,Incorrect item,10:32:00,11:10:00
2024-06-02,CUST095,ORD23902,468928,66,Quality issue,10:51:00,11:16:00
2023-08-27,CUST026,ORD21947,405382,126,Incorrect item,11:43:00,12:07:00
2022-02-16,CUST018,ORD12107,946171,291,Incorrect item,11:15:00,11:50:00
2022-03-03,CUST098,ORD23217,431677,344,Incorrect item,11:20:00,11:54:00
2022-01-13,CUST048,ORD02869,400921,11,Temperature issue,12:33:00,12:57:00
2022-09-10,CUST026,ORD01929,545852,195,Temperature issue,14:23:00,14:44:00
2023-01-20,CUST000,ORD04550,622709,450,Incorrect item,13:51:00,14:14:00
2023-05-26,CUST048,ORD15162,458873,236,Temperature issue,11:20:00,11:52:00
2023-06-29,CUST026,ORD11682,974536,284,Low shelf life,12:07:00,12:37:00
2023-01-01,CUST076,ORD08704,847938,8,Quality issue,12:10:00,12:35:00
2024-07-27,CUST022,ORD14445,690495,531,Temperature issue,12:23:00,12:56:00
2023-06-30,CUST067,ORD12559,234747,110,Quality issue,12:31:00,13:00:00
2022-03-05,CUST093,ORD16002,869681,100,Incorrect item,09:14:00,09:36:00
2023-09-02,CUST069,ORD17299,367929,38,Low shelf life,10:12:00,10:42:00
2024-03-17,CUST011,ORD03016,688849,361,Quality issue,09:11:00,09:49:00
2024-09-09,CUST057,ORD02466,982201,25,Temperature issue,11:28:00,11:48:00
2023-12-11,CUST098,ORD00854,384532,8,Temperature issue,14:15:00,14:51:00
2023-04-30,CUST034,ORD00711,420100,30,Quality issue,13:25:00,13:59:00
2022-11-30,CUST035,ORD07756,871950,106,Low shelf life,10:16:00,10:56:00
2023-09-03,CUST003,ORD02670,247186,282,Low shelf life,12:49:00,13:20:00
2024-11-14,CUST053,ORD03743,670587,103,Low shelf life,13:36:00,14:03:00
2023-10-23,CUST096,ORD21925,737107,339,Incorrect item,09:54:00,10:21:00
2022-07-24,CUST062,ORD23492,537140,46,Low shelf life,09:33:00,09:54:00
2022-06-26,CUST050,ORD13701,155245,391,Quality issue,09:50:00,10:29:00
2024-02-09,CUST064,ORD09999,235128,44,Quality issue,09:45:00,10:08:00
2022-09-15,CUST058,ORD18120,882571,5,Quality issue,11:21:00,11:48:00
2023-08-09,CUST047,ORD10967,837161,296,Temperature issue,13:46:00,14:06:00
2024-10-10,CUST035,ORD21468,134605,165,Quality issue,13:07:00,13:44:00
2023-12-31,CUST061,ORD06537,328867,43,Quality issue,14:10:00,14:35:00
2024-01-21,CUST067,ORD15750,200659,339,Incorrect item,10:22:00,10:45:00
2022-03-17,CUST082,ORD13797,105386,70,Incorrect item,10:21:00,10:55:00
2023-09-21,CUST061,ORD06718,266558,266,Quality issue,11:04:00,11:41:00
2023-12-01,CUST051,ORD12960,720919,276,Temperature issue,09:03:00,09:26:00
2023-08-10,CUST007,ORD00191,550204,24,Quality issue,13:36:00,14:04:00
2022-02-21,CUST000,ORD15605,977674,359,Quality issue,10:36:00,11:03:00
2023-12-20,CUST053,ORD07471,767630,338,Low shelf life,13:52:00,14:32:00
2024-05-12,CUST014,ORD02870,453351,448,Low shelf life,13:56:00,14:30:00
2023-07-21,CUST095,ORD09477,586634,162,Incorrect item,09:25:00,09:46:00
2023-05-04,CUST036,ORD20345,833412,44,Low shelf life,12:57:00,13:37:00
2023-08-08,CUST013,ORD19527,534059,46,Quality issue,12:54:00,13:14:00
2023-01-09,CUST047,ORD09740,803583,358,Temperature issue,11:42:00,12:18:00
2022-01-11,CUST058,ORD10706,830868,153,Temperature issue,13:24:00,13:50:00
2023-09-24,CUST075,ORD19557,946171,2,Quality issue,12:17:00,12:43:00
2023-10-19,CUST092,ORD12622,932317,52,Temperature issue,12:09:00,12:39:00
2022-07-12,CUST077,ORD03069,380158,82,Incorrect item,09:19:00,09:58:00
2023-06-26,CUST047,ORD02374,136260,418,Incorrect item,11:31:00,12:10:00
2022-11-26,CUST070,ORD06926,121512,756,Incorrect item,09:27:00,09:47:00
2024-09-13,CUST039,ORD04317,739096,326,Temperature issue,13:09:00,13:47:00
2024-01-01,CUST055,ORD05806,546568,57,Incorrect item,09:34:00,10:02:00
2024-12-13,CUST067,ORD13266,200202,89,Incorrect item,10:08:00,10:30:00
2024-04-22,CUST064,ORD13081,225504,163,Temperature issue,10:06:00,10:45:00
2024-10-22,CUST010,ORD03214,529810,163,Low shelf life,12:05:00,12:32:00
2023-01-06,CUST003,ORD11268,220543,263,Quality issue,10:40:00,11:20:00
2022-02-26,CUST012,ORD12795,984115,447,Low shelf life,13:35:00,13:55:00
2024-01-23,CUST018,ORD18535,761340,16,Quality issue,14:29:00,14:59:00
2023-02-08,CUST014,ORD10928,889133,30,Temperature issue,13:50:00,14:21:00
2023-11-20,CUST017,ORD17338,278423,490,Quality issue,12:29:00,12:53:00
2022-02-21,CUST099,ORD01257,598199,183,Quality issue,12:43:00,13:21:00
2024-03-29,CUST063,ORD11246,845459,40,Low shelf life,12:39:00,13:17:00
2023-07-08,CUST080,ORD04320,739096,348,Low shelf life,10:59:00,11:19:00
2024-08-21,CUST075,ORD23484,782385,50,Temperature issue,13:07:00,13:47:00
2022-03-30,CUST099,ORD03794,904741,351,Temperature issue,11:39:00,12:19:00
2022-09-24,CUST085,ORD23046,318200,464,Temperature issue,14:15:00,14:50:00
2024-01-05,CUST015,ORD02855,342028,121,Quality issue,09:24:00,09:56:00
2023-03-17,CUST099,ORD03202,126267,301,Quality issue,10:28:00,10:59:00
2023-11-23,CUST054,ORD07844,360743,247,Low shelf life,13:02:00,13:24:00
2022-12-06,CUST058,ORD12860,338467,58,Quality issue,09:27:00,09:48:00
2024-12-01,CUST036,ORD01441,413053,248,Incorrect item,14:50:00,15:24:00
2022-10-27,CUST037,ORD01361,317161,451,Temperature issue,11:04:00,11:29:00
2023-08-13,CUST014,ORD14069,360743,146,Incorrect item,12:39:00,13:17:00
2022-03-05,CUST094,ORD11487,252350,80,Low shelf life,11:43:00,12:05:00
2022-12-03,CUST082,ORD19978,465152,607,Low shelf life,14:05:00,14:42:00
2024-02-26,CUST081,ORD20187,325883,245,Low shelf life,11:15:00,11:35:00
2024-12-13,CUST052,ORD17044,439449,604,Quality issue,09:07:00,09:46:00
2022-12-01,CUST074,ORD06235,504555,292,Incorrect item,10:45:00,11:24:00
2023-05-13,CUST038,ORD11193,925587,812,Incorrect item,12:11:00,12:36:00
2023-09-22,CUST067,ORD09514,379309,400,Temperature issue,11:04:00,11:38:00
2023-12-16,CUST015,ORD07177,843194,29,Incorrect item,13:54:00,14:25:00
2022-09-05,CUST028,ORD24038,849391,625,Quality issue,11:48:00,12:26:00
2023-09-23,CUST036,ORD11671,747939,257,Low shelf life,13:18:00,13:51:00
2023-08-27,CUST003,ORD03266,495896,152,Quality issue,14:41:00,15:15:00
2022-10-23,CUST037,ORD08233,530115,125,Temperature issue,14:07:00,14:28:00
2024-03-22,CUST078,ORD02504,793417,760,Incorrect item,14:35:00,15:02:00
2023-12-24,CUST086,ORD19798,994602,701,Quality issue,14:55:00,15:29:00
2024-09-13,CUST010,ORD21706,828707,232,Quality issue,09:31:00,10:04:00
2022-01-17,CUST024,ORD12937,944462,133,Low shelf life,12:46:00,13:18:00
2023-10-28,CUST058,ORD21022,295677,133,Low shelf life,12:07:00,12:44:00
2024-12-30,CUST026,ORD12591,790293,47,Incorrect item,12:25:00,13:05:00
2024-01-15,CUST038,ORD09222,466956,36,Temperature issue,14:26:00,14:53:00
2024-03-18,CUST082,ORD21742,129595,596,Quality issue,12:00:00,12:28:00
2024-01-13,CUST019,ORD17928,875670,63,Incorrect item,14:58:00,15:37:00
2022-02-17,CUST016,ORD08444,973817,125,Temperature issue,10:05:00,10:32:00
2023-08-23,CUST059,ORD01685,495444,523,Incorrect item,14:57:00,15:17:00
2022-01-31,CUST023,ORD20604,808866,244,Temperature issue,09:43:00,10:17:00
2023-05-16,CUST092,ORD02840,701473,136,Quality issue,12:11:00,12:31:00
2024-10-10,CUST060,ORD21449,286440,234,Incorrect item,10:15:00,10:42:00
2022-09-23,CUST004,ORD12905,342028,89,Incorrect item,10:39:00,11:00:00
2024-11-12,CUST001,ORD14989,245992,414,Temperature issue,12:44:00,13:20:00
2024-02-10,CUST068,ORD15066,954777,246,Low shelf life,09:52:00,10:25:00
2024-05-17,CUST098,ORD01979,229367,419,Quality issue,12:40:00,13:00:00
2022-10-20,CUST058,ORD06492,853672,97,Temperature issue,14:20:00,14:42:00
2022-11-07,CUST013,ORD02883,518340,19,Incorrect item,11:57:00,12:32:00
2024-08-28,CUST045,ORD00805,942983,17,Low shelf life,12:11:00,12:35:00
2023-05-24,CUST091,ORD13216,318200,12,Incorrect item,12:45:00,13:10:00
2024-06-02,CUST096,ORD08271,996227,2,Quality issue,11:57:00,12:22:00
2022-09-12,CUST087,ORD10797,885471,212,Incorrect item,13:40:00,14:09:00
2022-10-20,CUST041,ORD10650,743129,321,Quality issue,14:16:00,14:48:00
2023-06-07,CUST034,ORD19364,154597,726,Incorrect item,10:10:00,10:49:00
2024-08-25,CUST023,ORD20137,472716,237,Low shelf life,10:46:00,11:26:00
2023-12-03,CUST010,ORD09498,828370,288,Temperature issue,11:31:00,12:08:00
2023-05-20,CUST042,ORD07963,430556,59,Temperature issue,13:17:00,13:53:00
2022-01-08,CUST079,ORD10157,991620,145,Incorrect item,09:01:00,09:23:00
2022-07-20,CUST002,ORD10542,495972,295,Low shelf life,13:20:00,13:51:00
2022-10-07,CUST027,ORD09660,803583,13,Quality issue,10:25:00,11:00:00
2023-08-18,CUST039,ORD14309,437170,176,Quality issue,12:02:00,12:36:00
2024-05-09,CUST062,ORD08146,233069,28,Quality issue,12:33:00,13:11:00
2024-05-22,CUST070,ORD24924,808175,89,Low shelf life,10:44:00,11:15:00
2023-01-29,CUST076,ORD16450,644117,258,Quality issue,10:00:00,10:38:00
2023-12-27,CUST000,ORD05249,206921,137,Quality issue,10:12:00,10:48:00
2024-04-03,CUST061,ORD14087,663813,769,Quality issue,10:02:00,10:27:00
2023-08-25,CUST052,ORD00932,820291,155,Temperature issue,11:55:00,12:33:00
2023-06-01,CUST041,ORD13263,251472,35,Low shelf life,13:56:00,14:18:00
2023-01-14,CUST049,ORD24982,664720,485,Incorrect item,13:58:00,14:29:00
2022-07-17,CUST039,ORD05236,272318,10,Quality issue,13:39:00,14:10:00
2024-04-01,CUST064,ORD00599,596104,57,Incorrect item,10:07:00,10:39:00
2023-10-22,CUST044,ORD22875,105242,696,Temperature issue,11:55:00,12:35:00
2023-02-26,CUST045,ORD13741,490915,95,Incorrect item,12:22:00,12:54:00
2022-07-04,CUST067,ORD15016,944462,205,Temperature issue,12:47:00,13:23:00
2024-11-24,CUST071,ORD09529,560988,194,Quality issue,11:09:00,11:41:00
2022-02-12,CUST081,ORD09437,622709,242,Quality issue,11:11:00,11:50:00
2023-07-31,CUST076,ORD15967,887004,21,Incorrect item,14:32:00,15:10:00
2023-10-09,CUST064,ORD04192,380158,469,Quality issue,12:34:00,13:14:00
2023-06-16,CUST068,ORD22031,405382,253,Low shelf life,11:28:00,11:51:00
2023-06-24,CUST095,ORD01610,413053,14,Low shelf life,11:58:00,12:33:00
2022-03-10,CUST099,ORD24564,563616,120,Temperature issue,11:07:00,11:45:00
2023-11-05,CUST045,ORD15395,694395,640,Incorrect item,13:35:00,14:00:00
2023-08-11,CUST087,ORD23169,125161,66,Quality issue,11:22:00,12:02:00
2024-10-28,CUST095,ORD10648,234328,26,Incorrect item,13:26:00,14:02:00
2024-01-13,CUST009,ORD12748,212460,218,Incorrect item,13:59:00,14:22:00
2022-07-31,CUST097,ORD11008,783660,38,Incorrect item,14:59:00,15:35:00
2022-10-09,CUST040,ORD15399,318200,377,Temperature issue,14:23:00,15:03:00
2022-12-29,CUST010,ORD07723,224061,90,Low shelf life,14:13:00,14:49:00
2022-10-10,CUST022,ORD02880,342028,526,Quality issue,09:58:00,10:35:00
2023-09-30,CUST013,ORD12889,934703,487,Temperature issue,14:11:00,14:41:00
2022-09-19,CUST055,ORD06718,495196,454,Temperature issue,12:19:00,12:56:00
2024-05-21,CUST019,ORD00990,291051,412,Incorrect item,09:00:00,09:30:00
2022-09-13,CUST045,ORD13303,301883,76,Temperature issue,12:23:00,12:53:00
2023-05-04,CUST064,ORD06583,371109,34,Quality issue,14:25:00,14:50:00
2023-06-22,CUST064,ORD05525,720125,505,Incorrect item,14:25:00,14:55:00
2022-09-25,CUST061,ORD09403,264394,615,Temperature issue,09:00:00,09:40:00
2022-11-28,CUST085,ORD04625,153282,111,Quality issue,09:19:00,09:54:00
2022-02-05,CUST072,ORD17505,958326,320,Quality issue,10:11:00,10:45:00
2022-04-06,CUST015,ORD18326,645680,16,Quality issue,12:24:00,12:56:00
2023-09-26,CUST076,ORD06066,257530,324,Quality issue,10:06:00,10:36:00
2022-02-14,CUST046,ORD13416,365035,9,Low shelf life,09:36:00,10:11:00
2022-05-01,CUST075,ORD05003,922686,800,Low shelf life,11:48:00,12:16:00
2023-04-05,CUST080,ORD15619,981926,159,Quality issue,11:39:00,12:12:00
2023-05-23,CUST083,ORD08036,431677,228,Temperature issue,12:10:00,12:40:00
2024-04-06,CUST079,ORD00718,568259,4,Low shelf life,11:48:00,12:15:00
2023-04-29,CUST032,ORD02300,403058,494,Quality issue,13:43:00,14:09:00
2024-11-11,CUST016,ORD17277,403034,568,Incorrect item,13:29:00,13:58:00
2024-04-03,CUST097,ORD02946,400921,163,Incorrect item,13:20:00,14:00:00
2023-09-21,CUST059,ORD10398,338467,436,Incorrect item,14:51:00,15:21:00
2024-05-01,CUST031,ORD24294,791453,15,Incorrect item,10:37:00,11:02:00
2023-12-16,CUST097,ORD19817,912431,119,Incorrect item,09:03:00,09:41:00
2024-09-04,CUST041,ORD10917,635483,469,Quality issue,13:33:00,14:00:00
2023-05-17,CUST052,ORD13622,678206,168,Quality issue,12:10:00,12:39:00
2022-12-13,CUST031,ORD18103,295634,209,Incorrect item,09:46:00,10:13:00
2023-08-02,CUST016,ORD06395,850524,28,Temperature issue,13:54:00,14:25:00
2023-04-21,CUST058,ORD23980,229367,324,Incorrect item,14:44:00,15:09:00
2023-03-11,CUST036,ORD09461,811385,838,Temperature issue,11:51:00,12:30:00
2023-07-25,CUST097,ORD14531,793580,280,Temperature issue,10:38:00,11:04:00
2022-12-28,CUST035,ORD11545,585925,139,Low shelf life,12:26:00,12:55:00
2023-07-09,CUST015,ORD21727,664720,251,Low shelf life,09:50:00,10:16:00
2023-04-02,CUST063,ORD02895,551623,305,Incorrect item,11:16:00,11:50:00
2022-06-21,CUST091,ORD19173,229367,810,Quality issue,14:11:00,14:49:00
2024-11-02,CUST028,ORD22466,472358,93,Quality issue,13:17:00,13:38:00
2024-06-29,CUST053,ORD05426,940002,654,Low shelf life,10:56:00,11:34:00
2024-01-20,CUST013,ORD06361,925587,794,Quality issue,11:28:00,12:02:00
2024-08-03,CUST032,ORD21224,767154,224,Quality issue,13:09:00,13:34:00
2022-04-19,CUST021,ORD07816,112721,612,Incorrect item,14:42:00,15:16:00
2023-10-28,CUST021,ORD05937,312234,52,Temperature issue,12:24:00,12:59:00
2023-08-04,CUST087,ORD19411,721043,9,Quality issue,09:10:00,09:41:00
2023-11-27,CUST025,ORD13240,183457,193,Incorrect item,09:56:00,10:36:00
2022-06-09,CUST005,ORD22419,931062,209,Low shelf life,10:45:00,11:23:00
2023-06-15,CUST053,ORD06600,167680,39,Low shelf life,09:29:00,09:49:00
2023-04-01,CUST080,ORD07233,200959,249,Incorrect item,12:38:00,12:58:00
2022-07-27,CUST020,ORD15800,611588,243,Quality issue,12:47:00,13:07:00
2023-06-12,CUST034,ORD00774,864680,67,Quality issue,13:38:00,14:03:00
2023-12-06,CUST034,ORD11272,790293,154,Incorrect item,14:44:00,15:22:00
2023-08-27,CUST053,ORD07831,831354,106,Temperature issue,10:46:00,11:21:00
2023-04-13,CUST026,ORD04318,447400,431,Incorrect item,14:06:00,14:28:00
2023-08-15,CUST000,ORD09167,746309,649,Quality issue,10:09:00,10:45:00
2023-01-11,CUST068,ORD18088,544720,234,Low shelf life,14:53:00,15:29:00
2024-07-17,CUST078,ORD11177,568259,479,Low shelf life,14:59:00,15:36:00
2022-08-22,CUST047,ORD21759,433856,129,Temperature issue,10:55:00,11:19:00
2023-08-22,CUST058,ORD18129,512005,3,Temperature issue,12:48:00,13:24:00
2022-11-03,CUST068,ORD11167,303948,68,Low shelf life,09:44:00,10:10:00
2024-05-31,CUST041,ORD13976,125161,637,Quality issue,12:56:00,13:20:00
2022-10-15,CUST004,ORD07224,537140,402,Incorrect item,14:24:00,14:57:00
2022-07-02,CUST029,ORD14981,830829,13,Quality issue,13:56:00,14:24:00
2023-08-30,CUST010,ORD23792,664720,444,Temperature issue,12:02:00,12:41:00
2024-07-30,CUST053,ORD10931,292395,84,Low shelf life,11:40:00,12:06:00
2024-01-18,CUST039,ORD01176,850446,11,Quality issue,13:40:00,14:03:00
2022-06-28,CUST002,ORD24443,376906,649,Low shelf life,11:23:00,11:47:00
2024-12-28,CUST094,ORD08596,235128,838,Quality issue,12:31:00,13:07:00
2024-05-30,CUST090,ORD03463,234747,116,Temperature issue,12:15:00,12:51:00
2022-06-11,CUST007,ORD24226,849747,279,Incorrect item,14:02:00,14:41:00
2023-03-04,CUST063,ORD09460,504920,8,Quality issue,09:21:00,09:54:00
2023-07-08,CUST062,ORD24467,931062,169,Incorrect item,13:29:00,14:07:00
2023-04-29,CUST064,ORD15477,654295,59,Temperature issue,12:04:00,12:28:00
2022-11-25,CUST090,ORD01798,495196,109,Incorrect item,11:48:00,12:18:00
2022-09-17,CUST039,ORD02019,193500,117,Quality issue,10:47:00,11:12:00
2024-02-06,CUST017,ORD05188,770370,230,Temperature issue,09:25:00,09:47:00
2022-04-26,CUST034,ORD11248,849554,175,Temperature issue,10:42:00,11:13:00
2022-03-08,CUST041,ORD02184,123419,15,Quality issue,13:27:00,13:55:00
2024-06-03,CUST059,ORD05871,327678,239,Quality issue,13:01:00,13:24:00
2022-02-20,CUST031,ORD00466,467936,34,Incorrect item,11:46:00,12:17:00
2024-01-23,CUST033,ORD04267,354864,557,Quality issue,13:50:00,14:27:00
2023-12-23,CUST027,ORD22989,568259,57,Low shelf life,12:01:00,12:40:00
2022-02-02,CUST017,ORD14230,427093,693,Quality issue,10:59:00,11:19:00
2023-01-06,CUST089,ORD16143,850524,103,Quality issue,14:45:00,15:06:00
2022-02-13,CUST006,ORD13642,185133,576,Quality issue,12:37:00,13:12:00
2024-03-05,CUST012,ORD24663,948849,78,Quality issue,10:05:00,10:43:00
2022-08-06,CUST065,ORD12545,252823,167,Temperature issue,13:23:00,14:00:00
2022-06-04,CUST056,ORD01065,204354,433,Temperature issue,10:17:00,10:45:00
2022-03-07,CUST059,ORD04782,384532,57,Temperature issue,14:18:00,14:50:00
2024-08-14,CUST082,ORD09973,726426,331,Low shelf life,11:38:00,12:05:00
2022-12-02,CUST064,ORD03441,914643,275,Temperature issue,11:21:00,11:47:00
2022-07-09,CUST035,ORD12545,367080,467,Temperature issue,12:41:00,13:13:00
2022-04-18,CUST051,ORD12320,706256,299,Incorrect item,11:28:00,12:04:00
2022-06-26,CUST048,ORD04392,754434,481,Temperature issue,13:14:00,13:50:00
2023-06-13,CUST085,ORD16163,742719,42,Quality issue,09:32:00,10:00:00
2024-03-18,CUST004,ORD08240,235956,8,Low shelf life,10:34:00,11:14:00
2023-12-11,CUST084,ORD01216,480345,296,Quality issue,13:56:00,14:36:00
2023-11-23,CUST076,ORD22894,400443,141,Temperature issue,13:05:00,13:38:00
2023-11-08,CUST074,ORD16915,851805,658,Quality issue,10:25:00,10:55:00
2024-12-18,CUST026,ORD24771,832216,138,Quality issue,09:37:00,10:09:00
2024-03-02,CUST036,ORD20806,393171,699,Quality issue,12:10:00,12:31:00
2022-04-18,CUST082,ORD14142,466213,503,Incorrect item,11:52:00,12:26:00
2022-03-22,CUST056,ORD17862,153282,405,Quality issue,14:10:00,14:33:00
2024-02-02,CUST095,ORD09637,245992,34,Low shelf life,14:18:00,14:55:00
2023-09-09,CUST037,ORD19443,828707,18,Low shelf life,10:09:00,10:48:00
2023-05-16,CUST088,ORD05517,290750,178,Quality issue,14:50:00,15:29:00
2022-05-31,CUST053,ORD16241,245920,25,Low shelf life,14:31:00,15:02:00
2023-04-16,CUST024,ORD02133,552123,231,Quality issue,10:01:00,10:25:00
2023-07-18,CUST082,ORD08315,312234,100,Low shelf life,12:24:00,13:02:00
2022-06-09,CUST018,ORD22114,709859,56,Quality issue,11:49:00,12:27:00
2024-04-17,CUST026,ORD20180,293939,303,Incorrect item,09:27:00,10:05:00
2024-01-11,CUST072,ORD16248,398671,40,Incorrect item,10:05:00,10:29:00
2024-11-28,CUST047,ORD15799,388461,134,Low shelf life,11:26:00,11:57:00
2023-11-07,CUST034,ORD11610,169493,416,Low shelf life,09:54:00,10:16:00
2024-06-02,CUST057,ORD07970,168474,847,Incorrect item,09:07:00,09:34:00
2022-10-01,CUST058,ORD00926,482540,363,Low shelf life,12:46:00,13:15:00
2023-12-09,CUST024,ORD07441,364638,20,Low shelf life,10:23:00,10:58:00
2022-03-18,CUST050,ORD11080,806367,316,Quality issue,10:18:00,10:55:00
2024-07-05,CUST006,ORD03602,423683,249,Incorrect item,13:36:00,14:11:00
2023-01-01,CUST098,ORD07780,670587,468,Low shelf life,10:22:00,10:59:00
2022-04-05,CUST053,ORD21286,469375,79,Incorrect item,11:14:00,11:41:00
2024-03-15,CUST083,ORD17527,931448,325,Quality issue,11:19:00,11:58:00
2023-03-24,CUST003,ORD21121,663902,602,Temperature issue,10:01:00,10:34:00
2022-02-06,CUST087,ORD16409,881155,23,Low shelf life,09:51:00,10:18:00
2024-01-18,CUST061,ORD05052,487193,53,Quality issue,11:53:00,12:13:00
2022-11-20,CUST052,ORD02025,183457,409,Low shelf life,11:35:00,12:08:00
2024-03-09,CUST079,ORD02150,579866,390,Quality issue,11:52:00,12:21:00
2022-07-17,CUST016,ORD05892,954777,4,Temperature issue,10:11:00,10:36:00
2024-08-02,CUST012,ORD00282,561191,767,Low shelf life,11:33:00,12:06:00
2024-01-25,CUST002,ORD17047,546568,15,Quality issue,09:52:00,10:31:00
2022-09-21,CUST026,ORD23797,374401,440,Temperature issue,14:01:00,14:22:00
2024-04-07,CUST013,ORD04952,317344,362,Quality issue,14:38:00,15:06:00
2022-11-14,CUST064,ORD15703,739096,25,Quality issue,12:14:00,12:34:00
2022-09-17,CUST003,ORD02324,183457,695,Temperature issue,10:13:00,10:52:00
2024-09-22,CUST025,ORD16164,108612,346,Incorrect item,13:20:00,14:00:00
2022-02-16,CUST048,ORD11103,452776,135,Quality issue,10:31:00,10:56:00
2022-01-28,CUST093,ORD08826,495896,275,Quality issue,13:54:00,14:27:00
2024-07-03,CUST029,ORD22014,874508,532,Quality issue,12:10:00,12:40:00
2024-10-14,CUST058,ORD17659,754441,266,Temperature issue,14:14:00,14:53:00
2022-04-28,CUST099,ORD00919,963044,34,Incorrect item,09:36:00,10:05:00
2024-04-07,CUST090,ORD19329,949599,23,Quality issue,09:02:00,09:36:00
2022-03-16,CUST049,ORD13403,316378,26,Low shelf life,12:18:00,12:40:00
2023-01-30,CUST043,ORD19702,758566,195,Quality issue,12:44:00,13:05:00
